120 120 30
15.0 15.0 15.0 15.0 15.0 15.0 15.0 15.0 15.0 15.0 15.0 15.0 15.0 15.0 15.0 15.0 15.0 15.0 15.0 15.0 15.0 15.0 15.0 15.0 15.0 15.0 15.0 15.0 15.0 15.0 15.0 15.0 15.0 15.0 15.0 15.0 15.0 15.0 15.0 15.0 15.0 15.0 15.0 15.0 15.0 15.0 15.0 15.0 15.0 15.0 15.0 15.0 15.0 15.0 15.0 15.0 15.0 15.0 15.0 15.0 15.0 15.0 15.0 15.0 15.0 15.0 15.0 15.0 15.0 15.0 15.0 15.0 15.0 15.0 15.0 15.0 15.0 15.0 15.0 15.0 15.0 15.0 15.0 15.0 15.0 15.0 15.0 15.0 15.0 15.0 15.0 15.0 15.0 15.0 15.0 15.0 15.0 15.0 15.0 15.0 15.0 15.0 15.0 15.0 15.0 15.0 15.0 15.0 15.0 15.0 15.0 15.0 15.0 15.0 15.0 15.0 15.0 15.0 15.0 15.0
15.0 15.0 15.0 15.0 15.0 15.0 15.0 15.0 15.0 15.0 15.0 15.0 15.0 15.0 15.0 15.0 15.0 15.0 15.0 15.0 15.0 15.0 15.0 15.0 15.0 15.0 15.0 15.0 15.0 15.0 15.0 15.0 15.0 15.0 15.0 15.0 15.0 15.0 15.0 15.0 15.0 15.0 15.0 15.0 15.0 15.0 15.0 15.0 15.0 15.0 15.0 15.0 15.0 15.0 15.0 15.0 15.0 15.0 15.0 15.0 15.0 15.0 15.0 15.0 15.0 15.0 15.0 15.0 15.0 15.0 15.0 15.0 15.0 15.0 15.0 15.0 15.0 15.0 15.0 15.0 15.0 15.0 15.0 15.0 15.0 15.0 15.0 15.0 15.0 15.0 15.0 15.0 15.0 15.0 15.0 15.0 15.0 15.0 15.0 15.0 15.0 15.0 15.0 15.0 15.0 15.0 15.0 15.0 15.0 15.0 15.0 15.0 15.0 15.0 15.0 15.0 15.0 15.0 15.0 15.0
15.0 15.0 15.0 15.0 15.0 15.0 15.0 15.0 15.0 15.0 15.0 15.0 15.0 15.0 15.0 15.0 15.0 15.0 15.0 15.0 15.0 15.0 15.0 15.0 15.0 15.0 15.0 15.0 15.0 15.0 15.0 15.0 15.0 15.0 15.0 15.0 15.0 15.0 15.0 15.0 15.0 15.0 15.0 15.0 15.0 15.0 15.0 15.0 15.0 15.0 15.0 15.0 15.0 15.0 15.0 15.0 15.0 15.0 15.0 15.0 15.0 15.0 15.0 15.0 15.0 15.0 15.0 15.0 15.0 15.0 15.0 15.0 15.0 15.0 15.0 15.0 15.0 15.0 15.0 15.0 15.0 15.0 15.0 15.0 15.0 15.0 15.0 15.0 15.0 15.0 15.0 15.0 15.0 15.0 15.0 15.0 15.0 15.0 15.0 15.0 15.0 15.0 15.0 15.0 15.0 15.0 15.0 15.0 15.0 15.0 15.0 15.0 15.0 15.0 15.0 15.0 15.0 15.0 15.0 15.0
15.0 15.0 15.0 15.0 15.0 15.0 15.0 15.0 15.0 15.0 15.0 15.0 15.0 15.0 15.0 15.0 15.0 15.0 15.0 15.0 15.0 15.0 15.0 15.0 15.0 15.0 15.0 15.0 15.0 15.0 15.0 15.0 15.0 15.0 15.0 15.0 15.0 15.0 15.0 15.0 15.0 15.0 15.0 15.0 15.0 15.0 15.0 15.0 15.0 15.0 15.0 15.0 15.0 15.0 15.0 15.0 15.0 15.0 15.0 15.0 15.0 15.0 15.0 15.0 15.0 15.0 15.0 15.0 15.0 15.0 15.0 15.0 15.0 15.0 15.0 15.0 15.0 15.0 15.0 15.0 15.0 15.0 15.0 15.0 15.0 15.0 15.0 15.0 15.0 15.0 15.0 15.0 15.0 15.0 15.0 15.0 15.0 15.0 15.0 15.0 15.0 15.0 15.0 15.0 15.0 15.0 15.0 15.0 15.0 15.0 15.0 15.0 15.0 15.0 15.0 15.0 15.0 15.0 15.0 15.0
15.0 15.0 15.0 15.0 15.0 15.0 15.0 15.0 15.0 15.0 15.0 15.0 15.0 15.0 15.0 15.0 15.0 15.0 15.0 15.0 15.0 15.0 15.0 15.0 15.0 15.0 15.0 15.0 15.0 15.0 15.0 15.0 15.0 15.0 15.0 15.0 15.0 15.0 15.0 15.0 15.0 15.0 15.0 15.0 15.0 15.0 15.0 15.0 15.0 15.0 15.0 15.0 15.0 15.0 15.0 15.0 15.0 15.0 15.0 15.0 15.0 15.0 15.0 15.0 15.0 15.0 15.0 15.0 15.0 15.0 15.0 15.0 15.0 15.0 15.0 15.0 15.0 15.0 15.0 15.0 15.0 15.0 15.0 15.0 15.0 15.0 15.0 15.0 15.0 15.0 15.0 15.0 15.0 15.0 15.0 15.0 15.0 15.0 15.0 15.0 15.0 15.0 15.0 15.0 15.0 15.0 15.0 15.0 15.0 15.0 15.0 15.0 15.0 15.0 15.0 15.0 15.0 15.0 15.0 15.0
15.0 15.0 15.0 15.0 15.0 15.0 15.0 15.0 15.0 15.0 15.0 15.0 15.0 15.0 15.0 15.0 15.0 15.0 15.0 15.0 15.0 15.0 15.0 15.0 15.0 15.0 15.0 15.0 15.0 15.0 15.0 15.0 15.0 15.0 15.0 15.0 15.0 15.0 15.0 15.0 15.0 15.0 15.0 15.0 15.0 15.0 15.0 15.0 15.0 15.0 15.0 15.0 15.0 15.0 15.0 15.0 15.0 15.0 15.0 15.0 15.0 15.0 15.0 15.0 15.0 15.0 15.0 15.0 15.0 15.0 15.0 15.0 15.0 15.0 15.0 15.0 15.0 15.0 15.0 15.0 15.0 15.0 15.0 15.0 15.0 15.0 15.0 15.0 15.0 15.0 15.0 15.0 15.0 15.0 15.0 15.0 15.0 15.0 15.0 15.0 15.0 15.0 15.0 15.0 15.0 15.0 15.0 15.0 15.0 15.0 15.0 15.0 15.0 15.0 15.0 15.0 15.0 15.0 15.0 15.0
15.0 15.0 15.0 15.0 15.0 15.0 15.0 15.0 15.0 15.0 15.0 15.0 15.0 15.0 15.0 15.0 15.0 15.0 15.0 15.0 15.0 15.0 15.0 15.0 15.0 15.0 15.0 15.0 15.0 15.0 15.0 15.0 15.0 15.0 15.0 15.0 15.0 15.0 15.0 15.0 15.0 15.0 15.0 15.0 15.0 15.0 15.0 15.0 15.0 15.0 15.0 15.0 15.0 15.0 15.0 15.0 15.0 15.0 15.0 15.0 15.0 15.0 15.0 15.0 15.0 15.0 15.0 15.0 15.0 15.0 15.0 15.0 15.0 15.0 15.0 15.0 15.0 15.0 15.0 15.0 15.0 15.0 15.0 15.0 15.0 15.0 15.0 15.0 15.0 15.0 15.0 15.0 15.0 15.0 15.0 15.0 15.0 15.0 15.0 15.0 15.0 15.0 15.0 15.0 15.0 15.0 15.0 15.0 15.0 15.0 15.0 15.0 15.0 15.0 15.0 15.0 15.0 15.0 15.0 15.0
15.0 15.0 15.0 15.0 15.0 15.0 15.0 15.0 15.0 15.0 15.0 15.0 15.0 15.0 15.0 15.0 15.0 15.0 15.0 15.0 15.0 15.0 15.0 15.0 15.0 15.0 15.0 15.0 15.0 15.0 15.0 15.0 15.0 15.0 15.0 15.0 15.0 15.0 15.0 15.0 15.0 15.0 15.0 15.0 15.0 15.0 15.0 15.0 15.0 15.0 15.0 15.0 15.0 15.0 15.0 15.0 15.0 15.0 15.0 15.0 15.0 15.0 15.0 15.0 15.0 15.0 15.0 15.0 15.0 15.0 15.0 15.0 15.0 15.0 15.0 15.0 15.0 15.0 15.0 15.0 15.0 15.0 15.0 15.0 15.0 15.0 15.0 15.0 15.0 15.0 15.0 15.0 15.0 15.0 15.0 15.0 15.0 15.0 15.0 15.0 15.0 15.0 15.0 15.0 15.0 15.0 15.0 15.0 15.0 15.0 15.0 15.0 15.0 15.0 15.0 15.0 15.0 15.0 15.0 15.0
15.0 15.0 15.0 15.0 15.0 15.0 15.0 15.0 15.0 15.0 15.0 15.0 15.0 15.0 15.0 15.0 15.0 15.0 15.0 15.0 15.0 15.0 15.0 15.0 15.0 15.0 15.0 15.0 15.0 15.0 15.0 15.0 15.0 15.0 15.0 15.0 15.0 15.0 15.0 15.0 15.0 15.0 15.0 15.0 15.0 15.0 15.0 15.0 15.0 15.0 15.0 15.0 15.0 15.0 15.0 15.0 15.0 15.0 15.0 15.0 15.0 15.0 15.0 15.0 15.0 15.0 15.0 15.0 15.0 15.0 15.0 15.0 15.0 15.0 15.0 15.0 15.0 15.0 15.0 15.0 15.0 15.0 15.0 15.0 15.0 15.0 15.0 15.0 15.0 15.0 15.0 15.0 15.0 15.0 15.0 15.0 15.0 15.0 15.0 15.0 15.0 15.0 15.0 15.0 15.0 15.0 15.0 15.0 15.0 15.0 15.0 15.0 15.0 15.0 15.0 15.0 15.0 15.0 15.0 15.0
15.0 15.0 15.0 15.0 15.0 15.0 15.0 15.0 15.0 15.0 15.0 15.0 15.0 15.0 15.0 15.0 15.0 15.0 15.0 15.0 15.0 15.0 15.0 15.0 15.0 15.0 15.0 15.0 15.0 15.0 15.0 15.0 15.0 15.0 15.0 15.0 15.0 15.0 15.0 15.0 15.0 15.0 15.0 15.0 15.0 15.0 15.0 15.0 15.0 15.0 15.0 15.0 15.0 15.0 15.0 15.0 15.0 15.0 15.0 15.0 15.0 15.0 15.0 15.0 15.0 15.0 15.0 15.0 15.0 15.0 15.0 15.0 15.0 15.0 15.0 15.0 15.0 15.0 15.0 15.0 15.0 15.0 15.0 15.0 15.0 15.0 15.0 15.0 15.0 15.0 15.0 15.0 15.0 15.0 15.0 15.0 15.0 15.0 15.0 15.0 15.0 15.0 15.0 15.0 15.0 15.0 15.0 15.0 15.0 15.0 15.0 15.0 15.0 15.0 15.0 15.0 15.0 15.0 15.0 15.0
15.0 15.0 15.0 15.0 15.0 15.0 15.0 15.0 15.0 15.0 15.0 15.0 15.0 15.0 15.0 15.0 15.0 15.0 15.0 15.0 15.0 15.0 15.0 15.0 15.0 15.0 15.0 15.0 15.0 15.0 15.0 15.0 15.0 15.0 15.0 15.0 15.0 15.0 15.0 15.0 15.0 15.0 15.0 15.0 15.0 15.0 15.0 15.0 15.0 15.0 15.0 15.0 15.0 15.0 15.0 15.0 15.0 15.0 15.0 15.0 15.0 15.0 15.0 15.0 15.0 15.0 15.0 15.0 15.0 15.0 15.0 15.0 15.0 15.0 15.0 15.0 15.0 15.0 15.0 15.0 15.0 15.0 15.0 15.0 15.0 15.0 15.0 15.0 15.0 15.0 15.0 15.0 15.0 15.0 15.0 15.0 15.0 15.0 15.0 15.0 15.0 15.0 15.0 15.0 15.0 15.0 15.0 15.0 15.0 15.0 15.0 15.0 15.0 15.0 15.0 15.0 15.0 15.0 15.0 15.0
15.0 15.0 15.0 15.0 15.0 15.0 15.0 15.0 15.0 15.0 15.0 15.0 15.0 15.0 15.0 15.0 15.0 15.0 15.0 15.0 15.0 15.0 15.0 15.0 15.0 15.0 15.0 15.0 15.0 15.0 15.0 15.0 15.0 15.0 15.0 15.0 15.0 15.0 15.0 15.0 15.0 15.0 15.0 15.0 15.0 15.0 15.0 15.0 15.0 15.0 15.0 15.0 15.0 15.0 15.0 15.0 15.0 15.0 15.0 15.0 15.0 15.0 15.0 15.0 15.0 15.0 15.0 15.0 15.0 15.0 15.0 15.0 15.0 15.0 15.0 15.0 15.0 15.0 15.0 15.0 15.0 15.0 15.0 15.0 15.0 15.0 15.0 15.0 15.0 15.0 15.0 15.0 15.0 15.0 15.0 15.0 15.0 15.0 15.0 15.0 15.0 15.0 15.0 15.0 15.0 15.0 15.0 15.0 15.0 15.0 15.0 15.0 15.0 15.0 15.0 15.0 15.0 15.0 15.0 15.0
15.0 15.0 15.0 15.0 15.0 15.0 15.0 15.0 15.0 15.0 15.0 15.0 15.0 15.0 15.0 15.0 15.0 15.0 15.0 15.0 15.0 15.0 15.0 15.0 15.0 15.0 15.0 15.0 15.0 15.0 15.0 15.0 15.0 15.0 15.0 15.0 15.0 15.0 15.0 15.0 15.0 15.0 15.0 15.0 15.0 15.0 15.0 15.0 15.0 15.0 15.0 15.0 15.0 15.0 15.0 15.0 15.0 15.0 15.0 15.0 15.0 15.0 15.0 15.0 15.0 15.0 15.0 15.0 15.0 15.0 15.0 15.0 15.0 15.0 15.0 15.0 15.0 15.0 15.0 15.0 15.0 15.0 15.0 15.0 15.0 15.0 15.0 15.0 15.0 15.0 15.0 15.0 15.0 15.0 15.0 15.0 15.0 15.0 15.0 15.0 15.0 15.0 15.0 15.0 15.0 15.0 15.0 15.0 15.0 15.0 15.0 15.0 15.0 15.0 15.0 15.0 15.0 15.0 15.0 15.0
15.0 15.0 15.0 15.0 15.0 15.0 15.0 15.0 15.0 15.0 15.0 15.0 15.0 15.0 15.0 15.0 15.0 15.0 15.0 15.0 15.0 15.0 15.0 15.0 15.0 15.0 15.0 15.0 15.0 15.0 15.0 15.0 15.0 15.0 15.0 15.0 15.0 15.0 15.0 15.0 15.0 15.0 15.0 15.0 15.0 15.0 15.0 15.0 15.0 14.975324669301639 14.937969539091782 14.907315235343745 14.886667178600554 14.878081939242206 14.881803790873485 14.888231661536198 14.902259767014012 14.930932443450601 14.954214993626312 14.956779583589002 14.960738662029787 14.966861116825854 14.97687216978969 14.990509488192938 15.0 15.0 14.967732259855989 14.917569172562121 14.878076665123778 14.853255897631616 14.843799597043324 14.84998252528144 14.871623262019817 14.908109824015288 14.958481127771865 14.996203795277175 15.0 15.0 15.0 15.0 15.0 15.0 15.0 15.0 15.0 15.0 15.0 15.0 15.0 15.0 15.0 15.0 15.0 15.0 15.0 15.0 15.0 15.0 15.0 15.0 15.0 15.0 15.0 15.0 15.0 15.0 15.0 15.0 15.0 15.0 15.0 15.0 15.0 15.0 15.0 15.0 15.0 15.0 15.0 15.0
15.0 15.0 15.0 15.0 15.0 15.0 15.0 15.0 15.0 15.0 15.0 15.0 15.0 15.0 15.0 15.0 15.0 15.0 15.0 15.0 15.0 15.0 15.0 15.0 15.0 15.0 15.0 15.0 15.0 15.0 15.0 15.0 15.0 15.0 15.0 15.0 15.0 15.0 15.0 15.0 15.0 15.0 15.0 14.973426566940226 14.935242075411132 14.90721112711239 14.890068253683403 14.864599171430536 14.812876895495164 14.776198196457257 14.757335601769398 14.760118870470047 14.763854415153599 14.74676197295364 14.729368120982315 14.72854340571839 14.744115068136555 14.775531001219935 14.821948828973719 14.882322212279982 14.91230751783526 14.924912199279802 14.937472437210957 14.952432140570089 14.945134427715677 14.890432141996053 14.826626800929823 14.766481040383876 14.710726250539212 14.66570692106554 14.641249153241617 14.639578218852293 14.660684109855332 14.703823691867465 14.767641536012434 14.850358092449412 14.948482065379272 14.995071382372338 15.0 15.0 15.0 15.0 15.0 15.0 15.0 15.0 15.0 15.0 15.0 15.0 15.0 15.0 15.0 15.0 15.0 15.0 15.0 15.0 15.0 15.0 15.0 15.0 15.0 15.0 15.0 15.0 15.0 15.0 15.0 15.0 15.0 15.0 15.0 15.0 15.0 15.0 15.0 15.0 15.0 15.0
15.0 15.0 15.0 15.0 15.0 15.0 15.0 15.0 15.0 15.0 15.0 15.0 15.0 15.0 15.0 15.0 15.0 15.0 15.0 15.0 15.0 15.0 15.0 15.0 15.0 15.0 15.0 15.0 15.0 15.0 15.0 15.0 15.0 15.0 15.0 15.0 15.0 15.0 15.0 15.0 15.0 14.97878639313625 14.918502660940646 14.866809993596249 14.82492282419068 14.793996879356197 14.73526683883864 14.658100378617652 14.595432169118979 14.551926763340045 14.531123664944275 14.533661414434064 14.544538155057225 14.568112583215052 14.570591025921171 14.570118707143415 14.587607738969018 14.622287653576185 14.673068753004511 14.73866324828146 14.817662524290078 14.874885967511663 14.89545590528366 14.863089573276735 14.788679316411184 14.720614322903765 14.656613331162964 14.580828676227448 14.506614470182713 14.453088438011802 14.417485547548951 14.403670578820169 14.417398150871575 14.459377043069413 14.527936542214624 14.620797157992767 14.735363748811364 14.86897049022974 14.970169307852343 14.996586640005463 15.0 15.0 15.0 15.0 15.0 15.0 15.0 15.0 15.0 15.0 15.0 15.0 15.0 15.0 15.0 15.0 15.0 15.0 15.0 15.0 15.0 15.0 15.0 15.0 15.0 15.0 15.0 15.0 15.0 15.0 15.0 15.0 15.0 15.0 15.0 15.0 15.0 15.0 15.0 15.0
15.0 15.0 15.0 15.0 15.0 15.0 15.0 15.0 15.0 15.0 15.0 15.0 15.0 15.0 15.0 15.0 15.0 15.0 15.0 15.0 15.0 15.0 15.0 15.0 15.0 15.0 15.0 15.0 15.0 15.0 15.0 15.0 15.0 15.0 15.0 15.0 15.0 15.0 15.0 15.0 14.957206953539547 14.88429752066116 14.81880773428755 14.762147163140398 14.715835144086338 14.641643413907808 14.538803210453432 14.449452220612848 14.378684928443288 14.33122461131826 14.308146163851397 14.294958638169179 14.292503926291305 14.31775950402983 14.370484438674508 14.413419711685988 14.43334788104708 14.471948621234933 14.527798333760702 14.599327776530146 14.68488134677368 14.782739540544279 14.796041199133514 14.71481933968674 14.62952907268719 14.536587353755777 14.444831684983546 14.369208419476292 14.292878928735782 14.216787409249967 14.16783875950746 14.149296558754664 14.162559316012636 14.208013235288153 14.283371004793306 14.385621874345874 14.511462626835337 14.657616699463286 14.821032550994175 14.939948366566618 14.986576342420639 14.998484742366875 15.0 15.0 15.0 15.0 15.0 15.0 15.0 15.0 15.0 15.0 15.0 15.0 15.0 15.0 15.0 15.0 15.0 15.0 15.0 15.0 15.0 15.0 15.0 15.0 15.0 15.0 15.0 15.0 15.0 15.0 15.0 15.0 15.0 15.0 15.0 15.0 15.0 15.0
15.0 15.0 15.0 15.0 15.0 15.0 15.0 15.0 15.0 15.0 15.0 15.0 15.0 15.0 15.0 15.0 15.0 15.0 15.0 15.0 15.0 15.0 15.0 15.0 15.0 15.0 15.0 15.0 15.0 15.0 15.0 15.0 15.0 15.0 15.0 15.0 15.0 15.0 15.0 14.957206953539547 14.872668835641026 14.793996879356197 14.722583088748742 14.660095937819655 14.58873820847264 14.460646217159667 14.34434447220922 14.244034729937136 14.16721504945815 14.115383493075498 14.082083437713882 14.049670529950282 14.046602877452688 14.07361443904072 14.130602090217135 14.21635980022811 14.28227263335225 14.325618752203162 14.387325329931457 14.465537273487076 14.558375385507798 14.638105103156015 14.636449351369157 14.563922050973094 14.459561970932667 14.34312709969563 14.235840109974422 14.135668326839848 14.050007752155244 13.964778636218092 13.904208444580224 13.880033832867195 13.893776954445547 13.945228375616233 14.031096069088187 14.147280965864208 14.288015089544206 14.448234090453935 14.626252657037126 14.818972584495723 14.925977592883035 14.977993694853971 14.996943353824253 15.0 15.0 15.0 15.0 15.0 15.0 15.0 15.0 15.0 15.0 15.0 15.0 15.0 15.0 15.0 15.0 15.0 15.0 15.0 15.0 15.0 15.0 15.0 15.0 15.0 15.0 15.0 15.0 15.0 15.0 15.0 15.0 15.0 15.0 15.0 15.0 15.0
15.0 15.0 15.0 15.0 15.0 15.0 15.0 15.0 15.0 15.0 15.0 15.0 15.0 15.0 15.0 15.0 15.0 15.0 15.0 15.0 15.0 15.0 15.0 15.0 15.0 15.0 15.0 15.0 15.0 15.0 15.0 15.0 15.0 15.0 15.0 15.0 15.0 15.0 14.97878639313625 14.88429752066116 14.793996879356197 14.709040820159839 14.630937979030534 14.561615171181739 14.427752453618357 14.284968259028423 14.154698472469208 14.108666734834788 14.11541336468866 14.125044786462745 14.107633693762168 14.085674049572745 14.067872699831454 14.056149454896511 14.051943139319663 14.055379387790337 14.114665057829987 14.184979800200669 14.253331035161107 14.338904444926332 14.439724326671833 14.454593934645773 14.444792157516416 14.412694160297578 14.286496384367766 14.156278544073471 14.021063119962806 13.8946033184618 13.77819200523427 13.67824366807641 13.588434052949946 13.548281947377639 13.560104734767837 13.621178699479424 13.726557687317673 13.870438046601512 14.04703399431319 14.24206937032653 14.440037758192855 14.6475916201662 14.838987796811864 14.92932312428276 14.97716307449539 14.996943353824253 15.0 15.0 15.0 15.0 15.0 15.0 15.0 15.0 15.0 15.0 15.0 15.0 15.0 15.0 15.0 15.0 15.0 15.0 15.0 15.0 15.0 15.0 15.0 15.0 15.0 15.0 15.0 15.0 15.0 15.0 15.0 15.0 15.0 15.0 15.0 15.0
15.0 15.0 15.0 15.0 15.0 15.0 15.0 15.0 15.0 15.0 15.0 15.0 15.0 15.0 15.0 15.0 15.0 15.0 15.0 15.0 15.0 15.0 15.0 15.0 15.0 15.0 15.0 15.0 15.0 15.0 15.0 15.0 15.0 15.0 15.0 14.988611385831526 14.972246603747628 14.960233340191024 14.87138905537639 14.750239933813923 14.629213822763866 14.524893552873266 14.439136732485853 14.349421504092348 14.19783110559224 14.101800359891406 14.120958876582725 14.152411995899 14.180452563797399 14.1830770273746 14.157932929464499 14.133551409409456 14.111992046587625 14.097101509977572 14.091786490311895 14.09593861717022 14.107258420676562 14.102664005805483 14.128206590613292 14.305039740670676 14.502158865246601 14.579893384852245 14.61895142121399 14.602898705147268 14.46833223837786 14.26523356143233 14.008308404117344 13.710892934999801 13.470685575756901 13.351158170436916 13.256242063057787 13.21221938515935 13.225395184798938 13.290979737083743 13.405571971047403 13.562981005150888 13.75614852661355 13.978885235333388 14.225899404353363 14.470244481134543 14.712237556473847 14.856087437051315 14.941003877471225 14.984133118114961 14.998484742366875 15.0 15.0 15.0 15.0 15.0 15.0 15.0 15.0 15.0 15.0 15.0 15.0 15.0 15.0 15.0 15.0 15.0 15.0 15.0 15.0 15.0 15.0 15.0 15.0 15.0 15.0 15.0 15.0 15.0 15.0 15.0 15.0 15.0 15.0 15.0
15.0 15.0 15.0 15.0 15.0 15.0 15.0 15.0 15.0 15.0 15.0 15.0 15.0 15.0 15.0 15.0 15.0 15.0 15.0 15.0 15.0 15.0 15.0 15.0 15.0 15.0 15.0 15.0 15.0 15.0 15.0 15.0 15.0 14.99090845420125 14.965072568974563 14.942918568684107 14.924966924653148 14.86998693890449 14.712170425321002 14.56783789056157 14.438613629008717 14.326183033303106 14.23238502965675 14.099281743136423 14.043817815392813 14.080202141155535 14.10996957279243 14.146231677369105 14.197140564003218 14.234645939793758 14.22615652922371 14.198601532955632 14.17046198929175 14.149911677854165 14.143356459481689 14.149531222737314 14.162793331992209 14.24568425271424 14.372345996671722 14.53461041106039 14.705951686063392 14.790834126319032 14.82799254925496 14.800826512214584 14.683831125020664 14.435139786934098 14.124711046508459 13.77980485860637 13.428364086277405 13.094391452440487 12.925638237275123 12.867541858917278 12.881383997344154 12.960735411262393 13.094232697527836 13.271921154694876 13.485467926948818 13.727904262580294 13.993455339762496 14.277429597101712 14.557212918669332 14.765833056927255 14.88387092450427 14.954859510813334 14.992663503862635 15.0 15.0 15.0 15.0 15.0 15.0 15.0 15.0 15.0 15.0 15.0 15.0 15.0 15.0 15.0 15.0 15.0 15.0 15.0 15.0 15.0 15.0 15.0 15.0 15.0 15.0 15.0 15.0 15.0 15.0 15.0 15.0 15.0 15.0 15.0
15.0 15.0 15.0 15.0 15.0 15.0 15.0 15.0 15.0 15.0 15.0 15.0 15.0 15.0 15.0 15.0 15.0 15.0 15.0 15.0 15.0 15.0 15.0 15.0 15.0 15.0 15.0 15.0 15.0 15.0 15.0 14.988611385831526 14.953906726693148 14.910646563331522 14.875232566273265 14.84847629305781 14.800534994429565 14.676279279299777 14.52207321149498 14.385791315868211 14.259788491116215 14.222807702867097 14.240879670170738 14.26224470906612 14.345435459747788 14.399282587014218 14.434121675201586 14.441487905081566 14.417599234543122 14.435213144192922 14.52202524082278 14.621292105364152 14.642129911027576 14.631061986881546 14.60361409630752 14.553933022772835 14.604641361730659 14.711708469087336 14.789146007372207 14.94026617823877 15.095464953982908 15.262409309345621 15.33927989533316 15.32102510932399 15.181148519597784 14.845931503540656 14.424391857599264 13.938375083482455 13.47268337387625 13.080957759282416 12.72318180104003 12.523665820802528 12.551364354524633 12.651021883239984 12.80656561267348 13.006445676109832 13.241525579219896 13.504251502680873 13.788450190026293 14.089259222070593 14.402954545272783 14.67598435446737 14.8125478799527 14.91236160492639 14.97439897871667 14.998101897638588 15.0 15.0 15.0 15.0 15.0 15.0 15.0 15.0 15.0 15.0 15.0 15.0 15.0 15.0 15.0 15.0 15.0 15.0 15.0 15.0 15.0 15.0 15.0 15.0 15.0 15.0 15.0 15.0 15.0 15.0 15.0 15.0 15.0 15.0
15.0 15.0 15.0 15.0 15.0 15.0 15.0 15.0 15.0 15.0 15.0 15.0 15.0 15.0 15.0 15.0 15.0 15.0 15.0 15.0 15.0 15.0 15.0 15.0 15.0 15.0 15.0 15.0 15.0 14.99090845420125 14.965072568974563 14.924578691629627 14.87039642564216 14.823425896591026 14.784679854802324 14.724586815017666 14.644809081240709 14.487321628371635 14.325985783692154 14.24983399545296 14.316295297704578 14.376658780103522 14.458077658186461 14.58654443647495 14.676779477897538 14.732369186117962 14.76633050761179 14.869038505721678 15.092532234795357 15.209272716214533 15.247940404183247 15.195594429803492 15.165540065297659 15.131384653760062 15.108063133981492 15.197318678592254 15.371795341189399 15.531004872351339 15.700560859090238 15.70261142748338 15.67720553489613 15.821272458195967 15.903089081251702 15.876284343401698 15.711086244731836 15.342432057890369 14.875061651438953 14.339145452070017 13.752115499927859 13.133519935472707 12.661871332165536 12.336123661669523 12.252887775980444 12.375600121383972 12.553593599369151 12.775472379267967 13.031748804916337 13.31421617446926 13.616196416937594 13.932701256147412 14.260129255045983 14.588008088656183 14.747661222635575 14.866580904313167 14.943074603405792 14.990419685420779 15.0 15.0 15.0 15.0 15.0 15.0 15.0 15.0 15.0 15.0 15.0 15.0 15.0 15.0 15.0 15.0 15.0 15.0 15.0 15.0 15.0 15.0 15.0 15.0 15.0 15.0 15.0 15.0 15.0 15.0 15.0 15.0 15.0 15.0
15.0 15.0 15.0 15.0 15.0 15.0 15.0 15.0 15.0 15.0 15.0 15.0 15.0 15.0 15.0 15.0 15.0 15.0 15.0 15.0 15.0 15.0 15.0 15.0 15.0 15.0 15.0 15.0 14.98166012294552 14.950413223140497 14.913254626038771 14.84847629305781 14.7899280100468 14.738751700436723 14.681004816604545 14.580715828971638 14.494365410394337 14.313848527830665 14.280265046168289 14.360729466491339 14.43869653598966 14.510773524872743 14.764892872050781 14.92425968307432 15.027644098043302 15.088627717594022 15.269474599905344 15.553509343963967 15.84913037738801 16.02219642357042 16.090118436283955 16.149130474480017 16.134124019341513 16.021124713169705 16.171774561143764 16.440148314703542 16.700592959902757 16.91323881759597 16.986504349031467 16.81795425426889 16.54161826937693 16.420846093779627 16.515149161338556 16.46533182515052 16.284236408168585 15.879923278095694 15.374030606904288 14.788359109456405 14.13611725777128 13.438519024013111 12.715216937436265 12.314026623591618 12.085164833073797 12.154663116059098 12.349435316366938 12.589454737863052 12.864544281893759 13.164735375830372 13.482342856493197 13.812313251814222 14.15129328142678 14.496954384669253 14.691995916492653 14.825297812864036 14.912139642797058 14.97555357688553 14.998484742366875 15.0 15.0 15.0 15.0 15.0 15.0 15.0 15.0 15.0 15.0 15.0 15.0 15.0 15.0 15.0 15.0 15.0 15.0 15.0 15.0 15.0 15.0 15.0 15.0 15.0 15.0 15.0 15.0 15.0 15.0 15.0 15.0 15.0
15.0 15.0 15.0 15.0 15.0 15.0 15.0 15.0 15.0 15.0 15.0 15.0 15.0 15.0 15.0 15.0 15.0 15.0 15.0 15.0 15.0 15.0 15.0 15.0 15.0 15.0 14.9848151811087 14.944655594609024 14.892407287910377 14.848894807543171 14.780063904530401 14.713854861579318 14.660271921115083 14.62036867324304 14.536956628648007 14.444285592935238 14.350705544716458 14.292295282456479 14.383650054747797 14.477230022671357 14.570374180846194 14.721650293073537 15.051789686011439 15.259191696010443 15.404999958744567 15.742032677783252 16.309494244508468 16.79835112815871 17.357507327400683 17.773477912443518 18.10971606180266 18.203025318571207 18.05119603185225 17.823349184209647 17.941228792008125 18.355517870671 18.781886647432028 19.118360920509062 19.309351015831645 19.168719205071874 18.694357045444022 17.964582807937287 17.597977621035003 17.473383732922965 17.225061441707243 16.732017399032205 16.154748480855314 15.562693310375286 14.88167034585934 14.144812425740767 13.410197765727906 12.718693611894503 12.203636716401153 12.01385009855044 12.210280721240498 12.459394190593974 12.749018807399644 13.063103351073696 13.392487928795207 13.732396455511754 14.079803079033885 14.42624774420182 14.638973419430842 14.790930507491257 14.885553773427464 14.95630960802684 14.99417876149576 15.0 15.0 15.0 15.0 15.0 15.0 15.0 15.0 15.0 15.0 15.0 15.0 15.0 15.0 15.0 15.0 15.0 15.0 15.0 15.0 15.0 15.0 15.0 15.0 15.0 15.0 15.0 15.0 15.0 15.0 15.0 15.0 15.0
15.0 15.0 15.0 15.0 15.0 15.0 15.0 15.0 15.0 15.0 15.0 15.0 15.0 15.0 15.0 15.0 15.0 15.0 15.0 15.0 15.0 15.0 15.0 15.0 14.987877938935 14.953430091966084 14.914799879113392 14.850369122678028 14.793996879356197 14.735345016827655 14.65251772616709 14.581614279922828 14.523794427629166 14.461255431523309 14.35698149618775 14.270651948139186 14.27041004061704 14.38503662691727 14.488715169719576 14.597970130662581 14.7102817804576 14.973602577807595 15.336430866145403 15.678434656753367 16.263525186708403 17.122691084433136 17.852181625600974 18.478839794708538 19.202400238360354 19.872825285972695 20.27595177143708 20.523431046052536 20.71492165656097 20.69966982111896 20.675168129291805 20.890228169218847 21.261186330584614 21.611439045949062 21.796490021993893 21.79619791444323 21.526970393663653 20.917762038997243 20.09224731480602 19.573119532583643 19.19578913538814 18.567828726585805 17.70046604765923 16.622057911632623 15.681041261007453 14.927357480433246 14.166960145600719 13.414608459332426 12.720906880330592 12.278533255016741 12.201711165376288 12.397328857477934 12.695630903281426 13.016326927374642 13.351447957660177 13.69646628813019 14.048338271533147 14.379622904552638 14.596313603830268 14.765463654195003 14.865008575806923 14.941238860842132 14.986690223391193 14.998101897638588 15.0 15.0 15.0 15.0 15.0 15.0 15.0 15.0 15.0 15.0 15.0 15.0 15.0 15.0 15.0 15.0 15.0 15.0 15.0 15.0 15.0 15.0 15.0 15.0 15.0 15.0 15.0 15.0 15.0 15.0 15.0 15.0
15.0 15.0 15.0 15.0 15.0 15.0 15.0 15.0 15.0 15.0 15.0 15.0 15.0 15.0 15.0 15.0 15.0 15.0 15.0 15.0 15.0 15.0 15.0 14.975546830594027 14.933884297520663 14.896461562450028 14.829156662197647 14.759966254172571 14.699038360430897 14.619846273514803 14.531796733505988 14.456039916387528 14.393801983587913 14.300126508177268 14.19010193004689 14.098445343054788 14.282644347599046 14.452437015641074 14.593720718436028 14.720782786793375 14.856372185382163 15.21339949259018 15.781983549275022 16.530075505893876 17.565108823734285 18.557540473059845 19.395125236986377 20.284747316603497 21.221765796749093 21.96707840483679 22.69022131817263 23.266697560510632 23.479472764085383 23.55754409940893 23.82451752951094 24.003832515001843 24.153272653624516 24.283574266431042 24.632262270280723 24.75269024743525 24.517302268001263 24.014843182375987 23.23347594308031 22.339598390057038 21.461926011182896 20.53758297957411 19.587757978810053 18.570376016694286 17.46149194232284 16.331847816558778 15.504124974310768 14.733813701898201 13.952808279521395 13.223286033285893 12.847201160280608 12.676482651195142 12.713055921662464 13.028802764138213 13.36206308758782 13.706652779840208 14.058569753615458 14.358834207622163 14.574342010177444 14.751205943702658 14.85258030382911 14.930722487178262 14.978243355358067 14.995374433957938 15.0 15.0 15.0 15.0 15.0 15.0 15.0 15.0 15.0 15.0 15.0 15.0 15.0 15.0 15.0 15.0 15.0 15.0 15.0 15.0 15.0 15.0 15.0 15.0 15.0 15.0 15.0 15.0 15.0 15.0 15.0 15.0
15.0 15.0 15.0 15.0 15.0 15.0 15.0 15.0 15.0 15.0 15.0 15.0 15.0 15.0 15.0 15.0 15.0 15.0 15.0 15.0 15.0 15.0 14.975546830594027 14.927239334652015 14.882283931060684 14.830087436545092 14.748687676009624 14.674312531462036 14.608383682677974 14.512590016228142 14.419305885688875 14.338735004126363 14.272078830164688 14.154435725378402 14.039199414510986 14.026603531825259 14.285782253542216 14.494720812062155 14.672607795373207 14.842892770583205 15.006396884952768 15.605213241168926 16.51218606291657 17.59103339988584 18.817972271645484 19.957062739664092 21.079421941577085 22.35968823296788 23.453985983681882 24.57118927703583 25.64047033138712 26.29745804208057 26.444290052895557 26.703073934540335 27.051018915686225 27.061933346019007 27.320941714527716 27.52988931051063 28.082538776647777 28.8296381789922 29.244088504850442 29.22602451653657 28.594253575708418 27.495565706820347 26.019163381895513 24.434794677714518 22.847765232298418 21.42781155612959 20.282882165360597 18.91878180909935 17.51869958627305 16.332508012334035 15.318358132848577 14.359455963839293 13.788281354483823 13.564463297257543 13.341780016209206 13.213218466580479 13.424346337070627 13.763414955130457 14.111000859897192 14.364967728208775 14.57395779750555 14.748723006327808 14.848689708180656 14.925067891025847 14.972029938112927 14.99337222336517 15.0 15.0 15.0 15.0 15.0 15.0 15.0 15.0 15.0 15.0 15.0 15.0 15.0 15.0 15.0 15.0 15.0 15.0 15.0 15.0 15.0 15.0 15.0 15.0 15.0 15.0 15.0 15.0 15.0 15.0 15.0 15.0
15.0 15.0 15.0 15.0 15.0 15.0 15.0 15.0 15.0 15.0 15.0 15.0 15.0 15.0 15.0 15.0 15.0 15.0 15.0 15.0 15.0 14.987877938935 14.933884297520663 14.87089531689221 14.805984215267536 14.72158736052753 14.627347702621314 14.544873172990911 14.475953181195067 14.375196791134055 14.288924473151727 14.220310945601579 14.160980938484322 14.02722537608079 13.907524420093935 14.012146464891568 14.281980247044292 14.62469126658733 14.93675889923928 15.240573581662506 15.589198402207455 16.529330401543312 17.660812679984378 18.97851769980022 20.509658806703303 22.001735974918418 23.578038777911434 25.023649152747023 26.321659241880294 27.754209066425094 28.326160293437 28.390327779018108 28.48522799520109 28.611484501028638 28.76539851839506 28.86099412425202 28.948355011846633 29.053270164221555 29.11800529017612 29.197809871644896 29.320022651489978 29.361177121738805 29.296808601031657 29.186613234480895 28.983304617727306 28.73654586867624 27.926404851448687 25.832639934677136 23.436309945833194 21.580825840204366 19.913352010345868 18.369931391293015 17.026299683612258 15.916391382195709 14.868479734075851 14.495197745534824 14.201985764333173 13.896445297929903 13.765629152158304 13.865946447166104 14.17969529380612 14.395345088043118 14.595461532816524 14.758252115401453 14.853539383563053 14.924473133733805 14.96822426760644 14.992147732405957 15.0 15.0 15.0 15.0 15.0 15.0 15.0 15.0 15.0 15.0 15.0 15.0 15.0 15.0 15.0 15.0 15.0 15.0 15.0 15.0 15.0 15.0 15.0 15.0 15.0 15.0 15.0 15.0 15.0 15.0 15.0 15.0
15.0 15.0 15.0 15.0 15.0 15.0 15.0 15.0 15.0 15.0 15.0 15.0 15.0 15.0 15.0 15.0 15.0 15.0 15.0 15.0 15.0 14.944338546167334 14.861534131424591 14.784394619397673 14.714074341242025 14.612182176874338 14.511360094810293 14.422519691455985 14.347886682823017 14.240138469210919 14.1506775762466 14.080315030161309 14.028829809551915 13.913372734426364 13.798689270780681 14.057207082128212 14.530832421057333 14.996744847532527 15.35949167283045 15.672175227198196 16.39260493554906 17.68906808841232 19.125955320283378 21.07348922888088 23.096834260821943 24.846693782028993 26.526634223852174 27.80172237155178 28.344002849658008 28.433323731504903 28.544996686025815 28.609770784891445 28.70414333718424 28.82791091061586 28.96674617399975 28.99210140364557 29.03387319099134 29.093885332496587 29.171185406997864 29.3905902566281 29.607559615175397 29.754435062396524 29.702430061327867 29.44280012442031 29.15250356042287 28.935497494189896 28.681793229169223 28.441180421554606 28.039388519943834 25.268331353948756 22.821894080287862 21.065084547634775 19.436589079393766 18.084385672637588 16.779581643602086 15.95600384877136 15.198697832583496 14.689159532811148 14.342518606257935 14.188976975936058 14.183156209254593 14.379757968692768 14.568192942135132 14.725131924817793 14.830070675824846 14.913812496400977 14.966942148760332 14.991735537190083 15.0 15.0 15.0 15.0 15.0 15.0 15.0 15.0 15.0 15.0 15.0 15.0 15.0 15.0 15.0 15.0 15.0 15.0 15.0 15.0 15.0 15.0 15.0 15.0 15.0 15.0 15.0 15.0 15.0 15.0 15.0 15.0
15.0 15.0 15.0 15.0 15.0 15.0 15.0 15.0 15.0 15.0 15.0 15.0 15.0 15.0 15.0 15.0 15.0 15.0 15.0 15.0 14.96647530405422 14.87430464805264 14.786430265060606 14.70383217724283 14.62770944528371 14.512409215980167 14.40463381251698 14.308872285039595 14.227909429760171 14.117834226618736 14.026367358531306 13.956716171144066 13.907281382351577 13.79679123353716 13.834235892142086 14.325551056254834 14.837407685725548 15.366289384314594 16.04047618851591 16.909520092396974 18.19645746658551 20.00529283974164 21.954539409712407 24.195211716562238 26.23914789721131 28.11958137137252 28.46720197426228 28.50403571438117 28.565540902928806 28.655387388154036 28.77103443442329 28.85163803036742 29.039897479888666 29.204220412203032 29.26266989186058 29.186498831306007 29.0466069033794 29.1399289403738 29.229563662834362 29.233479041541973 29.34936256442292 29.58046222723792 29.767338886886005 29.877673626461032 29.51029382770179 29.163185711209817 28.926914493625887 28.703361998999053 28.49020356060043 28.293318074452955 27.169683020520882 24.3898826659148 22.48988088505657 20.56635264347456 18.921253268241443 17.825695201212003 16.754762325620344 15.83417703479535 15.07600494721829 14.646099909497961 14.31855963022506 14.385610093144342 14.545919000294921 14.68766929344781 14.784459562834526 14.860946500513407 14.921654359572523 14.980025671340957 15.0 15.0 15.0 15.0 15.0 15.0 15.0 15.0 15.0 15.0 15.0 15.0 15.0 15.0 15.0 15.0 15.0 15.0 15.0 15.0 15.0 15.0 15.0 15.0 15.0 15.0 15.0 15.0 15.0 15.0 15.0 15.0
15.0 15.0 15.0 15.0 15.0 15.0 15.0 15.0 15.0 15.0 15.0 15.0 15.0 15.0 15.0 15.0 15.0 15.0 15.0 14.98166012294552 14.908424972652515 14.811668847833044 14.718727120370225 14.63057629203886 14.548431984257668 14.424200615656574 14.30930914769581 14.206125004107058 14.117940636982674 14.009645576695409 13.91745376346232 13.852471365938431 13.811066290426865 13.85503883201871 14.027484510946227 14.570406236984457 15.357077374772963 16.39387525381137 17.491461552844623 18.7702582523093 20.473058607370877 22.59437110190224 24.75665528582509 27.11773371818341 28.506549521486782 28.61283588115213 28.71010757869411 28.750651015455713 28.813518716617246 28.901362328747535 29.007208463686613 29.237063204903187 29.412446874827168 29.434360627315893 29.219668995405662 29.009219558096802 28.93563726982871 28.714524594759165 28.624842750043356 28.6416262364209 28.765664139967186 29.03193009523004 29.36135318256371 29.63190492153885 29.848862072383433 29.537934547978615 29.20843839794498 28.979800615025386 28.770283718466146 28.592445335310103 28.452612674931324 28.06456352422648 25.503983768900195 23.339057793644216 21.42946887680901 20.045432320575923 18.518750681878924 17.137516168281127 16.129968002614127 15.242517189602399 14.653840432430837 14.364367646181165 14.503353673657088 14.626523319040585 14.713373278852234 14.79149612475806 14.860899091117306 14.927256520885834 14.975546830594027 15.0 15.0 15.0 15.0 15.0 15.0 15.0 15.0 15.0 15.0 15.0 15.0 15.0 15.0 15.0 15.0 15.0 15.0 15.0 15.0 15.0 15.0 15.0 15.0 15.0 15.0 15.0 15.0 15.0 15.0 15.0
15.0 15.0 15.0 15.0 15.0 15.0 15.0 15.0 15.0 15.0 15.0 15.0 15.0 15.0 15.0 15.0 15.0 15.0 14.99090845420125 14.950413223140497 14.858690735216879 14.757587139700615 14.65976188483738 14.566177639833153 14.478063356675126 14.34981738930432 14.228148542567038 14.117503774326458 14.021077678107037 13.917142892374144 13.82449866578169 13.76989930042295 13.811772324697166 14.056403264448285 14.319624170748304 15.253845321684993 16.610434874053862 18.075110373673372 19.49809191198265 21.196481714975608 23.52004227466482 25.917661923232973 28.344484584620385 28.657796307684116 28.715345877967138 28.81033840986496 28.9338235866327 29.015541505909106 29.080677446007314 29.16791959740896 29.35421577828466 29.711650642802248 29.708736933088915 29.425390227134063 29.048482260379828 28.671699828845153 28.304667199842708 28.024240785946212 27.937179381264308 28.028904297470564 28.179749190454856 28.49238114087244 28.88830823861953 29.262821848209864 29.55777355980942 29.79369927594579 29.553682196231176 29.395103116235237 29.19691492154627 29.020206150649898 28.860550026144747 28.73031191084704 28.66577752850267 26.17964075255234 23.817933515754426 22.272174517920053 20.57860346321676 18.71268469166117 17.029268086441746 15.986508040401834 15.143321826547663 14.488033932819391 14.469775303729993 14.562689951833702 14.63959303185314 14.710438542270547 14.781665118527705 14.854373411001664 14.921178304119515 14.975546830594027 15.0 15.0 15.0 15.0 15.0 15.0 15.0 15.0 15.0 15.0 15.0 15.0 15.0 15.0 15.0 15.0 15.0 15.0 15.0 15.0 15.0 15.0 15.0 15.0 15.0 15.0 15.0 15.0 15.0 15.0
15.0 15.0 15.0 15.0 15.0 15.0 15.0 15.0 15.0 15.0 15.0 15.0 15.0 15.0 15.0 15.0 15.0 15.0 14.965072568974563 14.922346171837521 14.818288897282834 14.713260984797856 14.610946023616368 14.512291635698524 14.418576955466591 14.29166429020384 14.16443164322525 14.047731312303796 13.943498514357344 13.844578569829977 13.747023529112866 13.712652075318797 13.969537839920143 14.346241705658628 15.099804477551505 16.657144052399456 18.317287764696072 20.02363449414252 21.630453457310125 24.02202520828738 26.84752503874844 28.883757527037197 28.868186260873365 28.886796712640617 28.940353141748794 29.026858110915533 29.133462301022433 29.22507581780927 29.338014719991968 29.44480091390493 29.919047134038472 29.680517291398253 29.380908448687638 29.026212955110587 28.586320355002627 28.189531047821582 27.805049764426666 27.485132350366573 27.385463619710492 27.475056830205006 27.7013343601514 28.037142865743846 28.498146975839745 28.94439551012139 29.282579765542714 29.556386087646274 29.71424338656043 29.746992744698748 29.672937753580232 29.542420050726985 29.39971057943152 29.242700010556813 29.059693717594655 28.967685576235986 26.593922509552286 24.446798812335324 22.362939186931573 20.3105087940891 18.183957236489483 16.642858487112694 15.717008245106172 14.778473913406177 14.42947294265585 14.496750971546568 14.565437453385323 14.632287792580868 14.707839686591612 14.78007029038351 14.849226079821015 14.921657712817677 14.987877938935 15.0 15.0 15.0 15.0 15.0 15.0 15.0 15.0 15.0 15.0 15.0 15.0 15.0 15.0 15.0 15.0 15.0 15.0 15.0 15.0 15.0 15.0 15.0 15.0 15.0 15.0 15.0 15.0 15.0
15.0 15.0 15.0 15.0 15.0 15.0 15.0 15.0 15.0 15.0 15.0 15.0 15.0 15.0 15.0 15.0 15.0 14.988611385831526 14.942918568684107 14.898063069917313 14.788211128014801 14.679889382690643 14.573708639872713 14.470587814024409 14.371900826446275 14.25185665110298 14.121153980468897 14.00218200390005 13.896142747015617 13.802330903512349 13.683962745578452 13.782235613731064 14.190409931569066 15.048596394878812 16.470490280189804 18.133905887153016 20.01267246531029 22.02764894428109 24.084226309967097 27.033261657858166 28.957763201645278 29.044726119910337 29.088186323472577 29.1278296074072 29.177701578635507 29.257252326949164 29.343981233441326 29.426736604683185 29.607215907870042 29.834078665058314 29.594385484402302 29.263079902375555 28.949713566883396 28.625721882624447 28.215167115624496 27.79979442583798 27.476587236984642 27.251134501127062 27.08123911173761 27.189875353185744 27.409720026646966 27.778496933151352 28.241572950164816 28.686600484019266 29.030256724962104 29.29556647599296 29.48416511647083 29.613869039972123 29.692579769913383 29.757370052012195 29.832624685510932 29.89321372575829 29.619336861391634 29.262351695175976 29.167857913694014 27.057360267164533 24.523978905831857 22.054464548868626 19.754941048293116 17.599818028906046 16.39937829831297 15.27410317309892 14.36386823863922 14.420472439460978 14.481308613611903 14.551762011223724 14.63067142691149 14.705219875903598 14.780719913882496 14.860081229776036 14.941203507263097 15.0 15.0 15.0 15.0 15.0 15.0 15.0 15.0 15.0 15.0 15.0 15.0 15.0 15.0 15.0 15.0 15.0 15.0 15.0 15.0 15.0 15.0 15.0 15.0 15.0 15.0 15.0 15.0 15.0
15.0 15.0 15.0 15.0 15.0 15.0 15.0 15.0 15.0 15.0 15.0 15.0 15.0 15.0 15.0 15.0 15.0 14.972246603747628 14.924966924653148 14.878215061751288 14.7693689554062 14.658614088430543 14.549452672359166 14.442715227230774 14.339817722025632 14.231797036753232 14.099600477493624 13.983172336705312 13.886245919593385 13.811682904606073 13.766731508311281 13.97385983572198 14.707161944373713 16.18453540336235 17.81230071139463 19.5274873411852 21.752846665447578 24.057432892528823 26.726773235059817 29.045415141415987 29.110713759507014 29.19388016885089 29.23512723460967 29.296960717070768 29.37836586916694 29.47751420772242 29.55701905841945 29.737845029065934 29.74442174448803 29.496164697642726 29.20104491425708 28.839218778052967 28.544859804626576 28.280201300274914 27.93378035109898 27.65662316627702 27.55128664287473 27.473012218360086 27.41463800022991 27.49518181206206 27.68155185909051 27.88542795377705 28.16700808965205 28.546106116630632 28.85674438009003 29.113751825170276 29.26465129060479 29.39536759526528 29.450501889716946 29.323907532174694 29.29087436798959 29.369016850345748 29.542474502445373 29.465848626287716 29.304657950345167 29.242932502102533 26.779062470446426 23.796482743188594 21.0979710315654 18.71261963536698 17.083950520805526 15.854571916279507 14.61967210730901 14.34342256029646 14.334857568087935 14.414672293271273 14.501569542184669 14.594538050932556 14.69793952230819 14.799404820249187 14.889318316039349 14.9787541505762 15.0 15.0 15.0 15.0 15.0 15.0 15.0 15.0 15.0 15.0 15.0 15.0 15.0 15.0 15.0 15.0 15.0 15.0 15.0 15.0 15.0 15.0 15.0 15.0 15.0 15.0 15.0 15.0
15.0 15.0 15.0 15.0 15.0 15.0 15.0 15.0 15.0 15.0 15.0 15.0 15.0 15.0 15.0 15.0 15.0 14.960233340191024 14.911712948295513 14.863448491796792 14.762520426059243 14.65044369901127 14.539509742584215 14.430361114415224 14.324212811698164 14.2235692661616 14.098903110338163 13.987176008231831 13.906262615415073 13.857195079536492 13.843468715074188 14.337687654778287 15.536441225867078 17.237280702364973 19.01766614128661 20.935738987499814 23.43719891723628 26.02939600920552 29.168636867112184 29.213203955090307 29.27764344643395 29.349944266809302 29.38858899467845 29.446094489934964 29.52147446749447 29.6042840135253 29.719153855231227 29.702793470744446 29.397976539092156 29.070258487826404 28.758248862032037 28.44226825007029 28.231343810672943 28.075344326424318 27.992152437578127 27.961976418483207 27.959146866186302 27.970837207826392 27.99140055773027 28.064177922678752 28.19253791557528 28.320147062632625 28.475296600116977 28.673102633291762 28.84846665928306 29.015274345499865 29.110424149221316 29.174574491264384 28.89334498924505 28.718625805824892 28.582592264232147 28.631796460632916 28.857675574587695 29.219445819818436 29.143181852286084 29.32857211913563 29.01931219295169 25.634852743808818 22.273651192718447 19.582450981726556 17.727969314932206 16.27991332902428 14.968485974991461 14.49392034249585 14.329877318407018 14.276523076409205 14.365807264612164 14.466021242122439 14.577705106404188 14.69884589496417 14.827800156887628 14.9366538714708 15.0 15.0 15.0 15.0 15.0 15.0 15.0 15.0 15.0 15.0 15.0 15.0 15.0 15.0 15.0 15.0 15.0 15.0 15.0 15.0 15.0 15.0 15.0 15.0 15.0 15.0 15.0 15.0
15.0 15.0 15.0 15.0 15.0 15.0 15.0 15.0 15.0 15.0 15.0 15.0 15.0 15.0 15.0 15.0 15.0 14.952886394435744 14.903572816767149 14.854326830494138 14.768172387954355 14.656125942362237 14.545009479703292 14.435246434715843 14.32759749934715 14.223669611766617 14.118885986219745 14.007777896669047 13.947495523319887 13.92253154869238 13.944503979043379 14.883890962838024 16.37016375393378 18.16775976892335 20.113253997058077 22.528539064980013 25.088849264019437 28.251981512934734 29.349707531966047 29.393421473137195 29.456177967518094 29.511165853431393 29.547139394203697 29.60054240876027 29.670466010195668 29.68986215062822 29.708974081670092 29.427598100454546 29.065705477134664 28.688768926657975 28.37448929434306 28.125511636430176 28.00061533992661 28.068495259079906 28.252402252962497 28.407509199612342 28.560707577702797 28.64356589127418 28.71618405343636 28.76135079281007 28.800240122530457 28.831612925595998 28.920131620210046 28.996568665454554 29.064605385291195 29.057097849934063 29.04936341931019 28.784512543512932 28.393220102220223 28.039713847784554 27.82262878443022 27.80907896212548 28.07235962017555 28.552052107657747 28.80023768132288 29.026653329774764 29.334442413979488 27.5127164956713 23.929467351568007 20.662873603646236 18.73753120887627 17.004622759444644 15.620721411668496 14.893160717464417 14.565431354055676 14.277849600644009 14.23932673846454 14.348568120502737 14.468609275588822 14.597461944847705 14.733495766575475 14.875375246802966 14.989350944378604 15.0 15.0 15.0 15.0 15.0 15.0 15.0 15.0 15.0 15.0 15.0 15.0 15.0 15.0 15.0 15.0 15.0 15.0 15.0 15.0 15.0 15.0 15.0 15.0 15.0 15.0 15.0
15.0 15.0 15.0 15.0 15.0 15.0 15.0 15.0 15.0 15.0 15.0 15.0 15.0 15.0 15.0 15.0 15.0 14.950413223140497 14.900826446280995 14.851239669421492 14.78646807367068 14.675957540614618 14.566563432066058 14.458661669308988 14.35280016865639 14.249793338012097 14.150866396660657 14.039511362614935 14.017967415369156 14.010761254121473 14.212667253237946 15.330620172550326 17.086413141071805 19.119260023042393 21.309106868545587 23.943056756935576 26.837506937245404 29.468285341568162 29.54163162110637 29.583908982827452 29.644439910332927 29.67628081041692 29.70968445358738 29.759289435431285 29.627432450049085 29.441063196364308 29.291043081843952 28.94952321844001 28.654250341454592 28.41062324646543 28.1080407694243 27.969147830615604 28.05993951142725 28.29180722655074 28.59875060788955 28.916410387823166 29.155735419436773 29.337673823580264 29.467779145577218 29.46942695896192 29.393305355493478 29.373996781228193 29.35457608573275 29.352872925927418 29.313807891625835 29.252327480713777 29.163555713640278 28.655340040130813 28.071772066013214 27.495917599085132 27.109621423607262 26.96271614962957 27.28801264454385 27.88657712849779 28.38355455729405 28.723889063939648 29.222027906248805 29.219970029448067 25.421560337196812 21.810450344159072 19.550783495159703 17.618847739747753 16.295788089606233 15.461796850562031 15.102258604657269 14.705347562184757 14.276932741574534 14.244795839679155 14.372814237704434 14.509008315885055 14.651741596024396 14.799684635051024 14.948780103615862 14.998484742366875 15.0 15.0 15.0 15.0 15.0 15.0 15.0 15.0 15.0 15.0 15.0 15.0 15.0 15.0 15.0 15.0 15.0 15.0 15.0 15.0 15.0 15.0 15.0 15.0 15.0 15.0
15.0 15.0 15.0 15.0 15.0 15.0 15.0 15.0 15.0 15.0 15.0 15.0 15.0 15.0 15.0 15.0 15.0 14.952886394435744 14.903572816767149 14.854326830494138 14.80517691629085 14.70960013479079 14.60385095981827 14.500473023884688 14.4004600278369 14.30566074677622 14.220746076642161 14.162376984783162 14.13510309675804 14.125690611353239 14.553076450121624 15.784682241913098 17.785761579557793 19.89069037668308 22.32062061760269 25.194887025814044 28.59351602338431 29.618044277137137 29.727563018637035 29.78292536140976 29.828976905852635 29.84436879698322 29.87538405075272 29.48409595862142 29.11308893084096 28.756544612896697 28.645323972924004 28.486000936975053 28.236790654531628 28.07638615863941 28.085157427570774 28.16696966180344 28.377768201388495 28.644220870440314 29.00578189863414 29.352993287326743 29.64878726145445 29.871059493583882 30.0 29.980804943818164 29.896757593970033 29.78628862306195 29.6984659254369 29.636204773994812 29.595667950623987 29.512533443882475 29.301286471595628 28.698694760423997 27.989061087322874 27.256000904591236 26.613053731512995 26.175284382922687 26.66563521629041 27.36095579380781 28.013360431225625 28.478445077373944 29.026124437144507 29.15168502314184 26.87077466678313 23.103821674393355 20.1712049133482 18.04388621664691 16.83214440624821 15.923410804851823 15.527904476852521 15.105931406922982 14.66313134969114 14.26994133049502 14.269703481796956 14.43531822129126 14.584110294832705 14.737494700450885 14.8944308862876 14.98205670043076 15.0 15.0 15.0 15.0 15.0 15.0 15.0 15.0 15.0 15.0 15.0 15.0 15.0 15.0 15.0 15.0 15.0 15.0 15.0 15.0 15.0 15.0 15.0 15.0 15.0 15.0
15.0 15.0 15.0 15.0 15.0 15.0 15.0 15.0 15.0 15.0 15.0 15.0 15.0 15.0 15.0 15.0 15.0 14.960233340191024 14.911712948295513 14.863448491796792 14.815542639137878 14.756037706885586 14.655462717709156 14.55858819329207 14.467070732617291 14.383905455832487 14.31491924192084 14.269963896363592 14.256304548989199 14.260599883877802 14.944271365036233 16.235044738270695 18.29555257129631 20.436498056197344 23.14422485709825 26.20813829698436 29.649023376582555 29.754230219547246 29.858851222173797 29.93079650761912 29.965072568974563 29.99090845420126 29.571036164043264 28.947810772119144 28.389548210621083 27.91236687726267 27.732358973347438 27.938610396401106 27.97360062034333 27.941016056614206 28.190600836085995 28.472288862093396 28.72021390243296 29.058797573627775 29.446636118420827 29.739197667350755 29.925724266517754 30.0 30.0 30.0 30.0 29.990402471909082 29.951091240413383 29.897037161835236 29.836032131108226 29.718571647808613 29.476204521107743 28.917278271584582 28.13487799731769 27.33183188970251 26.615187263646526 26.31112435781351 26.42150238836437 27.110758103448504 27.719740768255637 28.33116655158365 28.868640542198268 29.06528850292052 28.060488438276987 24.32243946292551 20.856145955731108 18.40319521797211 17.301342752904937 16.36420660859828 15.926272529832993 15.468080467376529 14.99540459615733 14.512906427255578 14.279755156320318 14.308277369074798 14.513926098951886 14.690094259555014 14.848063003726743 14.943916520080101 14.998101897638588 15.0 15.0 15.0 15.0 15.0 15.0 15.0 15.0 15.0 15.0 15.0 15.0 15.0 15.0 15.0 15.0 15.0 15.0 15.0 15.0 15.0 15.0 15.0 15.0 15.0
15.0 15.0 15.0 15.0 15.0 15.0 15.0 15.0 15.0 15.0 15.0 15.0 15.0 15.0 15.0 15.0 15.0 14.972246603747628 14.924966924653148 14.878215061751288 14.832187096158542 14.787183666074345 14.719230395627676 14.629718673494988 14.547208262653374 14.47480917181095 14.41712171857354 14.37955524666869 14.36540946343186 14.42205725374516 15.339381248586955 16.565764580293806 18.604049873858216 20.8182206788427 23.754374537398217 26.829048652586362 29.76013725014959 29.859719278590653 29.947793434341655 29.988611385831526 30.0 29.61609887636328 28.77583392955616 27.91812267428092 27.242055136068597 26.784401676077227 26.73226550580108 27.059150517713654 27.753587126978758 28.125702453204156 28.46903838084351 28.870065408691893 29.117473660202112 29.420570006130692 29.74729836859576 29.947839718311226 30.0 30.0 30.0 30.0 30.0 30.0 30.0 29.990402471909082 29.964861409738486 29.92113852938607 29.685072693032016 29.24753387001789 28.51402708357633 27.709434769596186 27.00976911212821 26.66248132729396 26.66295027986435 27.041726600273417 27.581459450374872 28.333135566204763 28.78382865622151 28.95548264621898 28.77385566850124 25.184222978292876 21.572245853315753 18.90020720298863 17.690726305233714 16.781983180526765 16.290411183840167 15.78828039532533 15.282169691165048 14.774983269663496 14.413763230266973 14.255443877845341 14.394931302901236 14.621982620351677 14.810728752275297 14.911385912354334 14.980189615066639 15.0 15.0 15.0 15.0 15.0 15.0 15.0 15.0 15.0 15.0 15.0 15.0 15.0 15.0 15.0 15.0 15.0 15.0 15.0 15.0 15.0 15.0 15.0 15.0 15.0
15.0 15.0 15.0 15.0 15.0 15.0 15.0 15.0 15.0 15.0 15.0 15.0 15.0 15.0 15.0 15.0 15.0 14.988611385831526 14.942918568684107 14.898063069917313 14.854326830494138 14.812120787649317 14.772055747310723 14.710597454535797 14.636363636363637 14.572765824681415 14.523081066394205 14.490512644318521 14.476928295566843 14.668353001692573 15.619123392415158 16.73471419955948 18.684893790746255 21.076233595534227 24.021549525200143 27.05335820756072 29.876802866204756 29.964158216425552 30.0 29.875232134818066 29.517330670462133 28.851315665756857 27.755426328688795 26.806097569022395 26.10857396028458 25.59976245428831 25.581093721288497 26.464438194455084 27.31825730903228 28.3093039630683 28.818544699787395 29.304212497344576 29.54857349575815 29.80420792343798 29.990402471909082 30.0 30.0 30.0 30.0 30.0 30.0 30.0 30.0 30.0 30.0 30.0 29.89777083197005 29.672224511693244 29.05544613479039 28.241813431711723 27.514487971240648 27.082165361582792 27.0086871018519 27.096548341635962 27.722846382057792 28.445518176445436 28.75678107315555 28.860498322434076 28.80736839603355 25.69909257736714 22.021704502763402 19.57639467993314 18.12689604776399 17.175130087083637 16.614782886114096 16.06263925891689 15.521322775285514 14.98890939367107 14.528628848573817 14.36443429067946 14.284311758329455 14.528962960535834 14.746772673149385 14.885241390920116 14.956367695028675 15.0 15.0 15.0 15.0 15.0 15.0 15.0 15.0 15.0 15.0 15.0 15.0 15.0 15.0 15.0 15.0 15.0 15.0 15.0 15.0 15.0 15.0 15.0 15.0 15.0
15.0 15.0 15.0 15.0 15.0 15.0 15.0 15.0 15.0 15.0 15.0 15.0 15.0 15.0 15.0 15.0 15.0 15.0 14.965072568974563 14.922346171837521 14.881107038035175 14.841830562441658 14.80517691629085 14.772055747310723 14.73156150396865 14.675008512154577 14.631280822280385 14.602435238380505 14.650412603994148 14.897443142896137 15.812114718309306 16.826686594741414 18.612821315950576 21.030919950900493 23.899869561941784 26.834486240600178 29.952950507909577 30.0 29.801792742591832 29.446565398768303 29.022193365299383 27.991205743898664 26.75716005274924 25.729940571239858 25.005402835573143 24.637230709406115 25.191551213116043 26.202631069998883 27.30882181537115 28.266449996832744 29.243479537417638 29.69165999369917 29.869391343594796 30.0 30.0 30.0 30.0 30.0 30.0 30.0 30.0 30.0 30.0 30.0 30.0 30.0 29.964861409738486 29.798894264367103 29.580099314538735 28.796466623579033 28.046801043150708 27.50366977981446 27.295341041267367 27.44734260418563 27.961040748960112 28.365633964253686 28.73489685300893 28.808162079542015 28.740883207808515 25.84090103561247 22.42314675061291 20.09303227348192 18.561782688710576 17.463197368339955 16.826940008717546 16.22919783856294 15.665145124698446 15.12400366487055 14.616107243907486 14.456686055860049 14.290627297184702 14.44666592277389 14.661854508201596 14.848029642257709 14.939125519327323 15.0 15.0 15.0 15.0 15.0 15.0 15.0 15.0 15.0 15.0 15.0 15.0 15.0 15.0 15.0 15.0 15.0 15.0 15.0 15.0 15.0 15.0 15.0 15.0 15.0
15.0 15.0 15.0 15.0 15.0 15.0 15.0 15.0 15.0 15.0 15.0 15.0 15.0 15.0 15.0 15.0 15.0 15.0 14.99090845420125 14.950413223140497 14.911712948295513 14.87530320863993 14.841830562441658 14.812120787649317 14.787183666074345 14.768159767950586 14.740985223933407 14.71506158736598 14.851165943092042 15.105518029048127 15.914800994104143 16.89662666995673 18.3732887548256 20.72629444902329 23.46204596304494 26.261446167908627 29.657639544738977 29.84769179616786 29.370160072035386 28.686490304008185 27.969415880103515 26.80524801378794 25.71409055872718 24.92170390281831 24.40000000145509 24.386285358693463 25.25493764258745 26.386738361084404 27.63519543771858 28.629848865678433 29.593221402511794 29.903103599958794 30.0 30.0 30.0 30.0 30.0 30.0 30.0 30.0 30.0 30.0 30.0 30.0 30.0 30.0 29.990402471909082 29.897037161835236 29.672411372142896 29.209499721658087 28.504564959447787 27.933009752110763 27.60933769095647 27.619545262015315 27.900489532540398 28.300678211804726 28.622559504185723 28.78517681067975 28.687263966610224 25.715292980507677 22.626923244869072 20.434603588349592 18.929756779039305 17.771293348795044 16.950990250087774 16.320682934828557 15.738167269518808 15.18386796180249 14.650883260027307 14.49696396205058 14.354012586117017 14.368694233239674 14.584523580431233 14.78201611941924 14.928917396437742 15.0 15.0 15.0 15.0 15.0 15.0 15.0 15.0 15.0 15.0 15.0 15.0 15.0 15.0 15.0 15.0 15.0 15.0 15.0 15.0 15.0 15.0 15.0 15.0 15.0
15.0 15.0 15.0 15.0 15.0 15.0 15.0 15.0 15.0 15.0 15.0 15.0 15.0 15.0 15.0 15.0 15.0 15.0 15.0 14.98166012294552 14.945429500989011 14.911712948295513 14.881107038035175 14.854326830494138 14.832187096158542 14.815542639137878 14.80517691629085 14.801652892561979 15.01726576860541 15.286406914895132 15.926083829571319 16.87332245952567 18.16807076551864 20.16066866976633 22.688031297630882 25.346421790490812 28.33855575850273 29.384002428164752 28.789078923886184 27.86909552184468 26.80037131530437 25.49490295933128 24.512812684880654 23.726649121379843 24.068115969424234 24.574618692086087 25.693450294240535 26.873178912227928 28.173089121315773 29.144702300763637 29.916140099149082 29.990402471909082 30.0 30.0 30.0 30.0 30.0 30.0 29.990509488192938 29.97687216978969 29.966861116825854 29.960738662029787 29.958677685950406 29.960738662029787 29.966861116825854 29.97687216978969 29.990509488192938 29.951091240413383 29.708275261629925 29.191550408532915 28.48110879005892 27.872562840851888 27.488658318848483 27.491801746338094 27.7829280684588 28.16480152189621 28.526752915141884 28.736033799262955 28.624266958540293 25.812416772090135 22.964595407776795 20.73572273771962 19.295109484961355 18.03960589717538 16.97900590109865 16.344071016997276 15.748464773004114 15.185832271332648 14.66598599813818 14.510818632337555 14.369102688275486 14.274114438620298 14.520437580183582 14.722861542929335 14.903254801589672 15.0 15.0 15.0 15.0 15.0 15.0 15.0 15.0 15.0 15.0 15.0 15.0 15.0 15.0 15.0 15.0 15.0 15.0 15.0 15.0 15.0 15.0 15.0 15.0 15.0
15.0 15.0 15.0 15.0 15.0 15.0 15.0 15.0 15.0 15.0 15.0 15.0 15.0 15.0 15.0 15.0 15.0 15.0 15.0 15.0 14.98166012294552 14.950413223140497 14.922346171837521 14.898063069917313 14.878215061751288 14.863448491796792 14.854326830494138 14.851239669421492 15.105599393503487 15.377726802372022 15.796863608768042 16.709559427898043 17.9910348456481 19.459778966226896 21.605095102050594 24.136838765713428 26.441910506857486 28.709087016031155 28.260399820368246 26.999216326853784 25.625810080758605 24.426608293864998 23.747395731624835 23.587048473854598 23.999096905207818 25.036673668136828 26.355597291919974 27.6009189424859 28.825486194095628 29.71193413143396 29.97663230258398 30.0 30.0 30.0 30.0 30.0 29.992423711834384 29.970893807478802 29.95243214057009 29.937472437210957 29.926427456912936 29.919644013972615 29.91735537190083 29.919644013972615 29.926427456912936 29.937472437210957 29.95243214057009 29.961296279387884 29.667833957427916 28.915753709710597 28.125165934627457 27.458152518114108 27.05807410071839 27.167920435533425 27.605208388543364 28.05621834946389 28.45114614649134 28.663752673624433 28.585993681030672 25.84742916976884 23.5106796539406 21.446272499056832 19.880579846378474 18.275034640530386 17.00347995999385 16.30892379394806 15.695113870546331 15.129878732748868 14.661402946071915 14.506260748292206 14.341812553509433 14.180956785748029 14.449916074005692 14.674464884631512 14.87125108538526 15.0 15.0 15.0 15.0 15.0 15.0 15.0 15.0 15.0 15.0 15.0 15.0 15.0 15.0 15.0 15.0 15.0 15.0 15.0 15.0 15.0 15.0 15.0 15.0 15.0
15.0 15.0 15.0 15.0 15.0 15.0 15.0 15.0 15.0 15.0 15.0 15.0 15.0 15.0 15.0 15.0 15.0 15.0 15.0 15.0 15.0 14.99090845420125 14.965072568974563 14.942918568684107 14.924966924653148 14.911712948295513 14.903572816767149 14.900826446280995 15.168035626684507 15.440638568130224 15.718355354405212 16.451585031423413 17.705536002636606 18.974073885445257 20.49001075093563 22.62841528857592 24.41168735749255 26.263216355608073 27.765649969421258 26.31818182007223 24.809294886130246 23.94710213459139 23.580077306029704 23.596653421946787 24.493035481841833 25.895123412135693 27.18577200508441 28.447456423363832 29.498016619305687 29.903103599958794 29.249137739094518 28.84427733628381 28.737762857175486 28.670963169596735 29.02698843322469 29.573341592162297 29.958677685950406 29.93528847653126 29.915052558264428 29.898512551459397 29.878614667051686 29.8601034279102 29.849521951311917 29.847196621702277 29.85314922525766 29.867103481083227 29.88854145172511 29.897591156181175 29.42517994200534 28.597232244974318 27.80164274631685 27.13471681735498 26.76109113624803 26.92451979064256 27.410257481291058 27.97923683926437 28.402243952852068 28.655361114381126 28.569890556745438 26.91105764437754 24.27122169787974 22.107960326224354 20.3129367229792 18.6583693760912 17.074974146319384 16.174665258413878 15.564756934121318 15.010527302246167 14.635716706537362 14.466746726446026 14.284832124454217 14.111648141510791 14.376106669631808 14.632738104270205 14.849771564454404 15.0 15.0 15.0 15.0 15.0 15.0 15.0 15.0 15.0 15.0 15.0 15.0 15.0 15.0 15.0 15.0 15.0 15.0 15.0 15.0 15.0 15.0 15.0 15.0 15.0
15.0 15.0 15.0 15.0 15.0 15.0 15.0 15.0 15.0 15.0 15.0 15.0 15.0 15.0 15.0 15.0 15.0 15.0 15.0 15.0 15.0 15.0 15.0 14.988611385831526 14.972246603747628 14.960233340191024 14.952886394435744 14.950413223140497 15.204158957445093 15.474511650766255 15.749170174445531 16.140807068886925 17.295610328087896 18.46342008830792 19.62829399640491 21.11351197822147 22.436101413932104 23.66702060713624 24.806616039614365 25.1494264673121 24.36808383816625 23.848083594921466 23.665244549072842 24.046978918473734 25.24338811526513 26.83721153688516 26.550311781949706 26.422224764140832 26.088312394776995 25.560250216410587 25.4118503571929 25.392407450416844 25.217525704108525 25.05962130621317 25.952740890004687 26.604378098129164 27.39622779085073 27.98151641394375 28.21256184973629 28.093858014078215 27.20260299442913 26.893461886781378 26.691202950067527 27.41384113758099 28.02657548106685 28.208170421847647 28.879553880244963 29.71344060430529 29.19633744494376 28.401133230547007 27.625319056197505 26.98056122352989 26.6290375928783 26.87357488475345 27.4028935367506 27.957179609480733 28.461399204071277 28.718062310394597 28.57799210192396 27.764688250108186 24.90990369333453 22.43144742427979 20.571486850417777 18.790043916614337 17.1789422164586 16.12541583578373 15.355984786229001 14.831883556670164 14.562099924160732 14.383081254561908 14.21430288343805 14.058104101978401 14.324265375969901 14.591370419786616 14.842465370458385 15.0 15.0 15.0 15.0 15.0 15.0 15.0 15.0 15.0 15.0 15.0 15.0 15.0 15.0 15.0 15.0 15.0 15.0 15.0 15.0 15.0 15.0 15.0 15.0 15.0
15.0 15.0 15.0 15.0 15.0 15.0 15.0 15.0 15.0 15.0 15.0 15.0 15.0 15.0 15.0 15.0 15.0 15.0 15.0 15.0 15.0 15.0 15.0 15.0 15.0 15.0 15.0 15.0 15.21208885231456 15.470864275757254 15.728274710417107 15.983772591264657 16.75633299065184 17.84405724061683 18.91459257499552 19.942014858629552 20.65091008948796 21.569262053265472 22.06461294433969 22.212464518064674 22.2247321056356 22.334161686857165 22.470683361049772 22.890960769050345 23.633795106330407 24.18869231129661 23.767744594815436 22.861967558617977 21.809721558834408 21.7947060196493 22.23168876262806 22.491753043211535 22.51567093455917 22.538389159035297 22.980105127345094 23.7185335233178 24.583363026368634 25.11608394948215 25.290672309390317 25.01521091023183 24.15610703430972 24.025922637220194 24.258509320880805 24.682735161040945 25.12623336057826 25.954064512492113 26.88581445885259 27.348143887608728 27.861511749573147 28.37702820065864 27.61449898141372 26.99211534812707 26.746414495227338 27.12050531793494 27.61279885099281 28.131545118481146 28.645227147168697 28.822845793748982 28.59710737672788 28.21537018202559 25.24397228883325 22.457819620534792 20.672152154714112 18.77164764753862 17.094187431132127 16.128685154727947 15.168010609083007 14.620463444947472 14.447840026143425 14.284824396318632 14.119278122957683 14.027325087080532 14.299115559161049 14.571714655427064 14.838769256360003 15.0 15.0 15.0 15.0 15.0 15.0 15.0 15.0 15.0 15.0 15.0 15.0 15.0 15.0 15.0 15.0 15.0 15.0 15.0 15.0 15.0 15.0 15.0 15.0 15.0
15.0 15.0 15.0 15.0 15.0 15.0 15.0 15.0 15.0 15.0 15.0 15.0 15.0 15.0 15.0 15.0 15.0 15.0 15.0 15.0 15.0 15.0 15.0 15.0 15.0 15.0 15.0 15.0 15.14801811334597 15.400176401849883 15.649519670659826 15.895002153821117 16.33854535345418 17.1454931201532 18.113109044555213 19.046150154188012 19.502437510996003 19.7757669449268 19.95375924834813 19.91175837097662 19.928265257274937 20.13471051247628 20.41554703434897 20.884009909036383 21.513476239758536 21.631458166190175 21.1410773987735 20.51211934578334 19.645848541539074 19.22141975349746 19.488849720369785 19.737014361788813 19.893237628806588 20.115913394506748 20.690667207083738 21.4391704808526 21.95351600770434 22.21353132058647 22.19955081271937 22.070784561036437 21.94181376763715 21.68880130946543 21.896622776524342 22.511493734158126 23.119540283630624 23.918456051151164 24.719986231951875 25.147355061440585 25.746209964587 26.332238809299337 27.378936620317763 27.240088990323752 27.222577636713158 27.61189694341278 28.019888418977924 28.442394502917804 28.83586431477366 28.881713070698943 28.609894386901413 28.094704781086985 25.30806031794833 22.363308033556407 20.620521623643352 18.761074305153972 17.029121998377704 16.026729938056217 15.067246002271045 14.45821144258921 14.314743649254543 14.162234619923133 14.002739427141805 14.024118565439297 14.302418197268912 14.57627231530434 14.832634486772893 15.0 15.0 15.0 15.0 15.0 15.0 15.0 15.0 15.0 15.0 15.0 15.0 15.0 15.0 15.0 15.0 15.0 15.0 15.0 15.0 15.0 15.0 15.0 15.0 15.0
15.0 15.0 15.0 15.0 15.0 15.0 15.0 15.0 15.0 15.0 15.0 15.0 15.0 15.0 15.0 15.0 15.0 15.0 15.0 15.0 15.0 15.0 15.0 15.0 15.0 15.0 15.0 15.0 15.060739275565222 15.304434300351446 15.543663627107659 15.776923570697903 16.085538969772468 16.63429984399273 17.273740062856856 18.089699244196975 18.73034875189485 18.799468180428917 18.589274655772517 18.27323573825045 17.993079450428635 18.073272857771244 18.360112720591435 18.834408092552245 19.375901489295792 19.490177569660787 19.30853902593587 18.95657768842108 18.25664337819835 17.692448038380675 17.419477303195226 17.480273852114074 17.50403216746352 17.935209529643856 18.573052081486793 19.306071354146532 19.90821086250477 20.37711659009869 20.681478011533034 20.788349289289563 20.683587638765953 20.385969792365543 20.130411666167294 20.473548865060284 21.267536169050697 22.124869381627878 22.783819083469748 23.317656930309102 23.99117591453742 24.4705530019341 25.059002383843648 26.106450955545416 27.96054287848503 28.251354439177476 28.50901220190996 28.79520229388016 29.0303506035115 28.926660003713902 28.623963994743804 28.331578658774774 25.627870484816984 22.10884420232544 20.39098421167306 18.574758131865217 16.92071332707244 15.852936631454973 15.051808261410446 14.40444017649326 14.143748557065567 14.01323324076829 13.877272505594485 14.052092181099999 14.331367706229726 14.60501174790424 14.827462847132807 15.0 15.0 15.0 15.0 15.0 15.0 15.0 15.0 15.0 15.0 15.0 15.0 15.0 15.0 15.0 15.0 15.0 15.0 15.0 15.0 15.0 15.0 15.0 15.0 15.0
15.0 15.0 15.0 15.0 15.0 15.0 15.0 15.0 15.0 15.0 15.0 15.0 15.0 15.0 15.0 15.0 15.0 15.0 15.0 15.0 15.0 15.0 15.0 15.0 15.0 15.0 15.0 15.0 15.0 15.186279632135669 15.414153750199905 15.634095797145754 15.843570333644521 16.295190940635347 16.78516408753437 17.238902707562602 17.741813159055702 18.028334034956874 17.85843187404626 17.473856589425722 17.079968607180845 16.851930882861467 17.05289525750935 17.52715680956997 17.71920040317509 17.85587940741524 17.95065101668566 17.550790398500947 16.847549182503993 16.362448036678998 16.15509157731247 16.138164413192435 16.492294947037855 17.08823964015818 17.609263397053013 18.21052324247719 18.744812163458693 19.148590714508707 19.39977185682122 19.47966454193634 19.381757916383485 19.181848235837816 18.944481459116837 18.908969530522423 19.43991425156552 20.157013911967958 20.93207443682376 21.86150606950357 22.67283964965231 23.17133357790155 23.853099849228524 24.88424963034127 26.623528050887497 28.639856472084286 28.991799377217276 29.140930022820495 29.15386477348218 28.88020471916858 28.57504887596103 28.29272442899551 25.931422931810577 22.7452274149703 19.997924011017638 18.232934674636507 16.764632819720862 15.710688671993127 15.04013854758204 14.388741886815342 13.96512862573897 13.854228866371527 13.82319347235817 14.110104597944876 14.384765757208113 14.63021700806572 14.841049440392405 15.0 15.0 15.0 15.0 15.0 15.0 15.0 15.0 15.0 15.0 15.0 15.0 15.0 15.0 15.0 15.0 15.0 15.0 15.0 15.0 15.0 15.0 15.0 15.0 15.0
15.0 15.0 15.0 15.0 15.0 15.0 15.0 15.0 15.0 15.0 15.0 15.0 15.0 15.0 15.0 15.0 15.0 15.0 15.0 15.0 15.0 15.0 15.0 15.0 15.0 15.0 15.0 15.0 15.0 15.048488244259977 15.264462809917358 15.470864275757254 15.665049553920378 15.910241669501985 16.365658829506653 16.782458826769698 17.141326846146498 17.22874637887968 17.148062034413464 17.01614410764298 16.722656533080674 16.4006527077466 16.30812989799905 16.3976480695218 16.523396016461128 16.64053543904896 16.584750650811483 16.208397453021185 15.914443136640521 15.647438379166225 15.619770857822914 15.636132742382337 15.905414173758729 16.3424711598607 16.72591444390202 17.0800684858957 17.53866136155042 17.905336283853202 18.163916909345073 18.301364197885015 18.312283915058753 18.201997582304767 17.985674310716224 17.679309142476487 18.00173434750483 18.711549768189382 19.36729829680701 20.34257810086183 21.150125858876944 21.83636592391961 22.638829206999297 23.546931213622226 24.81190283765063 26.93982435848952 29.360462742904687 29.360630900815277 29.143821211516826 28.847678930923383 28.549606872716208 28.273223710478582 25.713579019841422 23.048769017401465 20.15804467567904 17.76088047126295 16.55222438253462 15.62233012246813 14.981415070123397 14.33644532638157 13.795141573050305 13.696425560045084 13.901527141282573 14.187728219626718 14.443124879696114 14.662314044247088 14.874532534816934 15.0 15.0 15.0 15.0 15.0 15.0 15.0 15.0 15.0 15.0 15.0 15.0 15.0 15.0 15.0 15.0 15.0 15.0 15.0 15.0 15.0 15.0 15.0 15.0 15.0
15.0 15.0 15.0 15.0 15.0 15.0 15.0 15.0 15.0 15.0 15.0 15.0 15.0 15.0 15.0 15.0 15.0 15.0 15.0 15.0 15.0 15.0 15.0 15.0 15.0 15.0 15.0 15.0 15.0 15.0 15.097812677623896 15.291042661391959 15.470864275757254 15.634095797145754 15.911416002430755 16.295185813235058 16.63121097043088 16.752938498846675 16.71659137313204 16.608704206819972 16.461568108170262 16.284000943907536 16.32885029076679 16.374784314014317 16.36267547217639 16.295306679502673 16.14054152516292 15.871881721075411 15.647438379166225 15.40018365941394 15.201163767590316 15.363636363636367 15.608177041196011 15.834087150613145 16.103529140573595 16.36893117643348 16.668763021375042 16.990081782306586 17.21125475565537 17.322842435855346 17.320417898052575 17.207166922148367 17.001017377667687 16.794102714216102 17.042441678937788 17.523928475969598 18.069587725267553 19.12713635371232 20.099438606430923 21.091301633251604 22.023251649818224 22.891352606571235 23.8144377426825 24.930439025719775 27.77604985174563 29.335729657081362 29.079059533951064 28.81801581925434 28.552776890107758 28.287850869074123 25.817357857434807 22.934767036234632 20.001129101131284 17.556131990621026 16.457155156870034 15.461991278174905 14.855371490772017 14.244649584567512 13.636155572942867 13.728043104118576 14.002687145560524 14.260428166769923 14.49731929586176 14.715040614503602 14.909242282995963 15.0 15.0 15.0 15.0 15.0 15.0 15.0 15.0 15.0 15.0 15.0 15.0 15.0 15.0 15.0 15.0 15.0 15.0 15.0 15.0 15.0 15.0 15.0 15.0 15.0
15.0 15.0 15.0 15.0 15.0 15.0 15.0 15.0 15.0 15.0 15.0 15.0 15.0 15.0 15.0 15.0 15.0 15.0 15.0 15.0 15.0 15.0 15.0 15.0 15.0 15.0 15.0 15.0 15.0 15.0 15.0 15.097812677623896 15.264462809917358 15.414153750199905 15.543663627107659 15.784012102392678 16.091911074053474 16.24112624465379 16.26835810831076 16.20404051856194 16.09689298775917 16.002236069258597 15.975740933986021 15.971908400163299 15.938033499757646 15.846519709713684 15.73793995918212 15.569461406524873 15.363636363636367 15.134492431732852 15.0 15.134492431732852 15.358861345364355 15.564793751067054 15.721403672387337 15.844122619041618 15.932982052453966 16.082651178582942 16.25761353354766 16.365448610501403 16.401657744363185 16.364836746925906 16.256981161571964 16.145135917191343 16.326427175620864 16.633137672059892 17.06403836242694 17.979146667869145 18.97787735422587 20.05975958638298 21.08620413602339 22.02121784799742 22.92267919176181 24.00587949943095 26.44071828626728 28.008099947803803 29.005673563473657 28.771473314657822 28.542533451780717 28.152845013529337 25.35355938223716 22.506377710403996 19.821579574605 17.320961140542657 16.25912302564073 15.261472072487933 14.661462574448452 14.080371626647507 13.62249041658402 13.859086187163772 14.090532060041815 14.331667929368297 14.568449984943511 14.788560047688165 14.929067062387348 15.0 15.0 15.0 15.0 15.0 15.0 15.0 15.0 15.0 15.0 15.0 15.0 15.0 15.0 15.0 15.0 15.0 15.0 15.0 15.0 15.0 15.0 15.0 15.0 15.0
15.0 15.0 15.0 15.0 15.0 15.0 15.0 15.0 15.0 15.0 15.0 15.0 15.0 15.0 15.0 15.0 15.0 15.0 15.0 15.0 15.0 15.0 15.0 15.0 15.0 15.0 15.0 15.0 15.0 15.0 15.0 15.0 15.048488244259977 15.186279632135669 15.304434300351446 15.400176401849883 15.537535611614718 15.71282763621628 15.78163093445255 15.769303165319899 15.716531455048315 15.657952411359657 15.610341514467853 15.562608113171638 15.495083633796511 15.478887214672985 15.418597162983232 15.256134494186547 15.066671335857464 15.0 15.0 15.0 15.095231093762639 15.28328037760899 15.41665802822715 15.52090012869351 15.592782469840607 15.627653502157623 15.671550917795123 15.764063402501176 15.792736479384804 15.758854504475334 15.654331906731452 15.501229033216037 15.664689702055696 15.821651766802088 16.112618684294574 17.11545749485088 18.228832762035946 19.290018777755712 20.28111832997122 21.261254343804815 22.20114859842202 23.02743222372899 24.875008522224537 26.58393447800423 27.88668042800875 28.679201856970444 28.37778351271768 26.613690574029057 24.15311969377621 21.636218587551795 19.232973070697042 16.959227622549093 15.956186936858643 14.998903086128635 14.406731439610788 14.006887628333994 13.743583562437456 13.970857023468994 14.193608324651606 14.42576158281173 14.65969054011583 14.841372411707779 14.951242891115282 15.0 15.0 15.0 15.0 15.0 15.0 15.0 15.0 15.0 15.0 15.0 15.0 15.0 15.0 15.0 15.0 15.0 15.0 15.0 15.0 15.0 15.0 15.0 15.0 15.0
15.0 15.0 15.0 15.0 15.0 15.0 15.0 15.0 15.0 15.0 15.0 15.0 15.0 15.0 15.0 15.0 15.0 15.0 15.0 15.0 15.0 15.0 15.0 15.0 15.0 15.0 15.0 15.0 15.0 15.0 15.0 15.0 15.0 15.0 15.060739275565222 15.14801811334597 15.21208885231456 15.25127256300935 15.265358297868914 15.293078261728851 15.277691161367585 15.241210717040508 15.189771486231189 15.167837032926974 15.199403627890982 15.203524905850706 15.083516503902182 15.0 15.0 15.0 15.0 15.0 14.966861116825854 14.993098792770391 15.109283719444205 15.198766993118793 15.25786880545007 15.283188991031288 15.272096972702078 15.223369887415862 15.200696795659564 15.16286649386204 15.041686454220258 14.881995969525047 14.973699684659573 15.15256929032681 15.433634832066256 16.281336904090676 17.359039343328348 18.430541437721118 19.469873379213077 20.42260120635264 21.265570708823624 21.961952009522225 23.145441124263012 24.491268304607996 25.501804194328795 25.968803982520786 25.563645052223666 24.24132822266388 22.418375451998948 20.354941515119464 18.151337951298753 16.43415603555603 15.48948712552512 14.704489489807864 14.356630526115978 14.041597582206762 13.850576453319714 14.10508386960746 14.321136141932396 14.543322611854808 14.740872773213418 14.881216491448452 14.975459940793222 15.0 15.0 15.0 15.0 15.0 15.0 15.0 15.0 15.0 15.0 15.0 15.0 15.0 15.0 15.0 15.0 15.0 15.0 15.0 15.0 15.0 15.0 15.0 15.0 15.0
15.0 15.0 15.0 15.0 15.0 15.0 15.0 15.0 15.0 15.0 15.0 15.0 15.0 15.0 15.0 15.0 15.0 15.0 15.0 15.0 15.0 15.0 15.0 15.0 15.0 15.0 15.0 15.0 15.0 15.0 15.0 15.0 15.0 15.0 15.0 15.0 15.0 15.0 15.0 14.942414831454503 14.90433879552193 14.890909090909094 14.90433879552193 14.942414831454503 15.0 15.0 15.0 15.0 15.0 15.0 15.0 15.0 14.97687216978969 14.937472437210957 14.867103481083236 14.879387628545732 14.929062514575419 14.948143086987798 14.935012585056805 14.88933290487577 14.812608690499756 14.667902419274881 14.4926334995234 14.304049722246258 14.382859650550435 14.726833729139841 15.089503940314527 15.764184191179417 16.656509471666094 17.630304027754672 18.583497815711706 19.450816799221094 20.195302396768888 20.779697255346182 21.155829464146727 22.32188506053011 23.028743415121834 23.20459543489447 22.810560745879688 21.88039934928451 20.46371799671979 18.705759997880566 16.79303658458802 16.008617320885968 15.262127552252204 14.694434850147553 14.360645427732369 14.05279618488061 13.985661293651397 14.244774944483199 14.468364161228005 14.642083671053697 14.794719967296322 14.921236944164535 14.993476331596526 15.0 15.0 15.0 15.0 15.0 15.0 15.0 15.0 15.0 15.0 15.0 15.0 15.0 15.0 15.0 15.0 15.0 15.0 15.0 15.0 15.0 15.0 15.0 15.0 15.0
15.0 15.0 15.0 15.0 15.0 15.0 15.0 15.0 15.0 15.0 15.0 15.0 15.0 15.0 15.0 15.0 15.0 15.0 15.0 15.0 15.0 15.0 15.0 15.0 15.0 15.0 15.0 15.0 15.0 15.0 15.0 15.0 15.0 15.0 15.0 15.0 15.0 15.0 15.0 15.0 15.0 15.0 15.0 15.0 15.0 15.0 15.0 15.0 15.0 15.0 15.0 15.0 14.990509488192938 14.952432140570089 14.88854145172511 14.81974765760879 14.752399650905625 14.687074882184188 14.6246486985852 14.566451729161473 14.501169676817193 14.40479122183898 14.321682742718831 14.256162018811374 14.297056980195517 14.6150115561405 14.947504094652317 15.412039097703548 16.25566843884512 17.046421763822803 17.783725502474624 18.468401374153224 19.06567748769478 19.53593284418371 19.869240738760023 20.023707573120163 20.679772783995265 20.903027210605373 20.642833861391235 19.9070737907868 18.74987570270879 17.244069647598725 16.485543611766396 15.77268495918244 15.077235820088697 14.65576610609444 14.339150643120712 14.042063895379583 14.14658934891718 14.378776644884649 14.568032057497799 14.712910463233886 14.84970683913083 14.962805043501012 14.998101897638588 15.0 15.0 15.0 15.0 15.0 15.0 15.0 15.0 15.0 15.0 15.0 15.0 15.0 15.0 15.0 15.0 15.0 15.0 15.0 15.0 15.0 15.0 15.0 15.0 15.0
15.0 15.0 15.0 15.0 15.0 15.0 15.0 15.0 15.0 15.0 15.0 15.0 15.0 15.0 15.0 15.0 15.0 15.0 15.0 15.0 15.0 15.0 15.0 15.0 15.0 15.0 15.0 15.0 15.0 15.0 15.0 15.0 15.0 15.0 15.0 15.0 15.0 15.0 15.0 15.0 15.0 15.0 15.0 15.0 15.0 15.0 15.0 15.0 15.0 15.0 15.0 15.0 15.0 14.970893807478802 14.91678621236302 14.850900481464745 14.787002176535573 14.725772161014737 14.668168900141833 14.615525347550474 14.537255947091293 14.445235464297335 14.365539101810569 14.30127785082385 14.255233483993125 14.48440336508586 14.787955838665534 15.095223759237719 15.786177952584683 16.499867688782043 17.170956417035075 17.78986794815862 18.315297079670458 18.71709815740624 18.998381850954562 19.125138478369177 19.057294983094607 18.8156387622769 18.435562605893608 17.94945059252015 17.397898201199396 16.7868553825002 16.135193563582405 15.488390951121502 14.908463474421598 14.590702481993045 14.27865277245361 14.070533961937876 14.261534186716775 14.461743048391584 14.65346634760884 14.78418484447745 14.906417536364575 14.986139835459161 15.0 15.0 15.0 15.0 15.0 15.0 15.0 15.0 15.0 15.0 15.0 15.0 15.0 15.0 15.0 15.0 15.0 15.0 15.0 15.0 15.0 15.0 15.0 15.0 15.0 15.0
15.0 15.0 15.0 15.0 15.0 15.0 15.0 15.0 15.0 15.0 15.0 15.0 15.0 15.0 15.0 15.0 15.0 15.0 15.0 15.0 15.0 15.0 15.0 15.0 15.0 15.0 15.0 15.0 15.0 15.0 15.0 15.0 15.0 15.0 15.0 15.0 15.0 15.0 15.0 15.0 15.0 15.0 15.0 15.0 15.0 15.0 15.0 15.0 15.0 15.0 15.0 15.0 15.0 14.992423711834375 14.951085276504765 14.888373169368998 14.828128053811485 14.771076689030807 14.718181181473975 14.67069021993577 14.58377245280953 14.49545970126067 14.418281178335912 14.354272763462193 14.304914577223485 14.337163863253407 14.613628167435007 14.889505381709869 15.261167609372052 15.902153635775933 16.509209137569467 17.07278524929858 17.530882750829996 17.888854611718603 18.131437078216486 18.227080205108717 18.175564526140576 17.967062836995833 17.620559303513573 17.19040229381174 16.73110893049606 16.232227621232393 15.659984428787745 15.070307485249543 14.709301913695722 14.41393892433231 14.118285456150906 14.184067432496057 14.363086239872912 14.550048590546714 14.737648406628736 14.857166496322895 14.950837395270332 14.996586640005463 15.0 15.0 15.0 15.0 15.0 15.0 15.0 15.0 15.0 15.0 15.0 15.0 15.0 15.0 15.0 15.0 15.0 15.0 15.0 15.0 15.0 15.0 15.0 15.0 15.0 15.0
15.0 15.0 15.0 15.0 15.0 15.0 15.0 15.0 15.0 15.0 15.0 15.0 15.0 15.0 15.0 15.0 15.0 15.0 15.0 15.0 15.0 15.0 15.0 15.0 15.0 15.0 15.0 15.0 15.0 15.0 15.0 15.0 15.0 15.0 15.0 15.0 15.0 15.0 15.0 15.0 15.0 15.0 15.0 15.0 15.0 15.0 15.0 15.0 15.0 15.0 15.0 15.0 15.0 15.0 14.984716769121267 14.931239630140551 14.874658238137942 14.821660557052763 14.773159400372887 14.730273857659352 14.639356824330415 14.554271426493148 14.479144326170472 14.415280097493863 14.363470141805704 14.323703141973896 14.429646872636603 14.676806614255046 14.91489866907279 15.269333103113782 15.81227868616359 16.31905337341537 16.741363932437515 17.064808744880814 17.277199139521038 17.349465709801112 17.30178974623338 17.129725471810687 16.831590217626985 16.411689748959585 16.056083452344527 15.649600101851682 15.142872936759034 14.750932496606751 14.483105554237083 14.208068388508009 14.146908590783225 14.301708273897063 14.46834992191318 14.643349732521605 14.824034778826574 14.913352202180386 14.97655952087994 15.0 15.0 15.0 15.0 15.0 15.0 15.0 15.0 15.0 15.0 15.0 15.0 15.0 15.0 15.0 15.0 15.0 15.0 15.0 15.0 15.0 15.0 15.0 15.0 15.0 15.0 15.0
15.0 15.0 15.0 15.0 15.0 15.0 15.0 15.0 15.0 15.0 15.0 15.0 15.0 15.0 15.0 15.0 15.0 15.0 15.0 15.0 15.0 15.0 15.0 15.0 15.0 15.0 15.0 15.0 15.0 15.0 15.0 15.0 15.0 15.0 15.0 15.0 15.0 15.0 15.0 15.0 15.0 15.0 15.0 15.0 15.0 15.0 15.0 15.0 15.0 15.0 15.0 15.0 15.0 15.0 15.0 14.978655738588767 14.925619834710746 14.87643044206161 14.831921364024382 14.793066259753845 14.703103028594118 14.621025656789172 14.547919184143375 14.484647428617228 14.431661621951866 14.388851808659346 14.355533725878868 14.465093434958312 14.676400084328202 14.799549078899984 15.077288261825306 15.562796505260836 15.96251399270352 16.25784114554216 16.43609393693203 16.500819864320317 16.459580912789374 16.31361809012846 16.07153884590399 15.765935937539762 15.432181005751623 15.063242655502775 14.713271757814107 14.480376220772143 14.2338271857347 14.147858942304557 14.27954201837186 14.424696854003527 14.581206247077938 14.73682985688827 14.879667690323316 14.951156419335321 14.99468853764405 15.0 15.0 15.0 15.0 15.0 15.0 15.0 15.0 15.0 15.0 15.0 15.0 15.0 15.0 15.0 15.0 15.0 15.0 15.0 15.0 15.0 15.0 15.0 15.0 15.0 15.0 15.0
15.0 15.0 15.0 15.0 15.0 15.0 15.0 15.0 15.0 15.0 15.0 15.0 15.0 15.0 15.0 15.0 15.0 15.0 15.0 15.0 15.0 15.0 15.0 15.0 15.0 15.0 15.0 15.0 15.0 15.0 15.0 15.0 15.0 15.0 15.0 15.0 15.0 15.0 15.0 15.0 15.0 15.0 15.0 15.0 15.0 15.0 15.0 15.0 15.0 15.0 15.0 15.0 15.0 15.0 15.0 15.0 14.980197127131389 14.93451347480481 14.89357410610043 14.85821046256774 14.774346137417387 14.695270364306658 14.624431766902575 14.56246836050585 14.50972776858307 14.46621134500114 14.431623702028315 14.40559658470719 14.454975269474419 14.562672901206819 14.642168377627804 14.839777824110515 15.201322100860683 15.462545624758448 15.616482760733302 15.680124209513403 15.64833800315434 15.528319395427408 15.331628085587926 15.076668633288824 14.783524294381268 14.599043982639548 14.409221052649649 14.199956832974381 14.191349494413293 14.296052105119793 14.411516478181605 14.53564309607826 14.666721634846377 14.80189067779362 14.925649224371995 14.982270361549524 15.0 15.0 15.0 15.0 15.0 15.0 15.0 15.0 15.0 15.0 15.0 15.0 15.0 15.0 15.0 15.0 15.0 15.0 15.0 15.0 15.0 15.0 15.0 15.0 15.0 15.0 15.0 15.0
15.0 15.0 15.0 15.0 15.0 15.0 15.0 15.0 15.0 15.0 15.0 15.0 15.0 15.0 15.0 15.0 15.0 15.0 15.0 15.0 15.0 15.0 15.0 15.0 15.0 15.0 15.0 15.0 15.0 15.0 15.0 15.0 15.0 15.0 15.0 15.0 15.0 15.0 15.0 15.0 15.0 15.0 15.0 15.0 15.0 15.0 15.0 15.0 15.0 15.0 15.0 15.0 15.0 15.0 15.0 15.0 15.0 14.987773415297013 14.95745163695327 14.925102951014704 14.852508726993591 14.77654714287541 14.708333254244533 14.648422961353402 14.597207292382532 14.55493154700569 14.521830121994084 14.491032015781139 14.459306425729087 14.399596354966278 14.412622316575384 14.489111069336664 14.543839190313513 14.676243745523266 14.819263418372419 14.87992267733477 14.860416876561143 14.763172676143311 14.597487394134768 14.4439562602989 14.355062515402 14.239538904953351 14.159260532510372 14.225200724241661 14.307619406812202 14.403227915665868 14.50947320321115 14.62430541875045 14.746067620122524 14.871936563428932 14.966645054544614 14.99696948473375 15.0 15.0 15.0 15.0 15.0 15.0 15.0 15.0 15.0 15.0 15.0 15.0 15.0 15.0 15.0 15.0 15.0 15.0 15.0 15.0 15.0 15.0 15.0 15.0 15.0 15.0 15.0 15.0
15.0 15.0 15.0 15.0 15.0 15.0 15.0 15.0 15.0 15.0 15.0 15.0 15.0 15.0 15.0 15.0 15.0 15.0 15.0 15.0 15.0 15.0 15.0 15.0 15.0 15.0 15.0 15.0 15.0 15.0 15.0 15.0 15.0 15.0 15.0 15.0 15.0 15.0 15.0 15.0 15.0 15.0 15.0 15.0 15.0 15.0 15.0 15.0 15.0 15.0 15.0 15.0 15.0 15.0 15.0 15.0 15.0 15.0 14.9939389694675 14.976715045983042 14.929566750161637 14.862439361864105 14.79905953757351 14.739933490029731 14.685598574607399 14.636679370384023 14.594034527513811 14.559056336626904 14.534167687069685 14.506210171186357 14.443608802776877 14.384159079446015 14.336722732007706 14.29686741439631 14.255359522202617 14.211816910413715 14.175686125831886 14.153499317828361 14.14816816919084 14.16553634203424 14.209190194934795 14.256665816739012 14.295202746594947 14.353211232597689 14.4270613358546 14.513757850241507 14.610878277898431 14.716459455100335 14.827419016983146 14.941471498188198 14.991988605287094 15.0 15.0 15.0 15.0 15.0 15.0 15.0 15.0 15.0 15.0 15.0 15.0 15.0 15.0 15.0 15.0 15.0 15.0 15.0 15.0 15.0 15.0 15.0 15.0 15.0 15.0 15.0 15.0 15.0
15.0 15.0 15.0 15.0 15.0 15.0 15.0 15.0 15.0 15.0 15.0 15.0 15.0 15.0 15.0 15.0 15.0 15.0 15.0 15.0 15.0 15.0 15.0 15.0 15.0 15.0 15.0 15.0 15.0 15.0 15.0 15.0 15.0 15.0 15.0 15.0 15.0 15.0 15.0 15.0 15.0 15.0 15.0 15.0 15.0 15.0 15.0 15.0 15.0 15.0 15.0 15.0 15.0 15.0 15.0 15.0 15.0 15.0 15.0 15.0 14.979120874024463 14.914902732629876 14.854562475030882 14.798638898533657 14.747749734351201 14.702655968153007 14.664381288059415 14.634390297815221 14.614762563157635 14.602163135366308 14.542650175775893 14.47986115461835 14.4310732249623 14.395822911985151 14.366182903757124 14.33703592757241 14.31289817408622 14.29819013027464 14.30215298110488 14.325334294996289 14.370081126816391 14.396684525436877 14.430067132053388 14.480882465347802 14.546381232008551 14.624062571850049 14.711782688230624 14.807749649718259 14.90899381553052 14.988065469144267 15.0 15.0 15.0 15.0 15.0 15.0 15.0 15.0 15.0 15.0 15.0 15.0 15.0 15.0 15.0 15.0 15.0 15.0 15.0 15.0 15.0 15.0 15.0 15.0 15.0 15.0 15.0 15.0 15.0 15.0
15.0 15.0 15.0 15.0 15.0 15.0 15.0 15.0 15.0 15.0 15.0 15.0 15.0 15.0 15.0 15.0 15.0 15.0 15.0 15.0 15.0 15.0 15.0 15.0 15.0 15.0 15.0 15.0 15.0 15.0 15.0 15.0 15.0 15.0 15.0 15.0 15.0 15.0 15.0 15.0 15.0 15.0 15.0 15.0 15.0 15.0 15.0 15.0 15.0 15.0 15.0 15.0 15.0 15.0 15.0 15.0 15.0 15.0 15.0 15.0 15.0 14.959251330470323 14.909403867143775 14.861291544374371 14.815468989515267 14.772706402339326 14.734065038529177 14.700964159205924 14.675174823553242 14.658620963596283 14.639255243285344 14.582725540673904 14.534479783186594 14.499204463548406 14.476028083631652 14.46149549562066 14.450258294293608 14.447392186532197 14.457184519095525 14.483021003393585 14.518105785272034 14.530696544891292 14.560406289166162 14.6054358456525 14.663737045983934 14.7333039390618 14.81232079837999 14.896232333818602 14.975067703225708 14.998484742366875 15.0 15.0 15.0 15.0 15.0 15.0 15.0 15.0 15.0 15.0 15.0 15.0 15.0 15.0 15.0 15.0 15.0 15.0 15.0 15.0 15.0 15.0 15.0 15.0 15.0 15.0 15.0 15.0 15.0 15.0
15.0 15.0 15.0 15.0 15.0 15.0 15.0 15.0 15.0 15.0 15.0 15.0 15.0 15.0 15.0 15.0 15.0 15.0 15.0 15.0 15.0 15.0 15.0 15.0 15.0 15.0 15.0 15.0 15.0 15.0 15.0 15.0 15.0 15.0 15.0 15.0 15.0 15.0 15.0 15.0 15.0 15.0 15.0 15.0 15.0 15.0 15.0 15.0 15.0 15.0 15.0 15.0 15.0 15.0 15.0 15.0 15.0 15.0 15.0 15.0 15.0 14.989393196568125 14.94214876033058 14.896998439678098 14.85452041007992 14.815468989515267 14.78080758559087 14.751714277086736 14.729519729275683 14.715531716628824 14.710743801652889 14.688021901047104 14.644607334583453 14.610188616361507 14.587753634026217 14.57714374159567 14.578522192733422 14.58854737635518 14.606123904482887 14.636895336105786 14.645747434738862 14.658609983947372 14.685304289952873 14.724561339976553 14.77487501011467 14.834706591975516 14.899633538143277 14.963395101249782 14.996943353824253 15.0 15.0 15.0 15.0 15.0 15.0 15.0 15.0 15.0 15.0 15.0 15.0 15.0 15.0 15.0 15.0 15.0 15.0 15.0 15.0 15.0 15.0 15.0 15.0 15.0 15.0 15.0 15.0 15.0 15.0 15.0
15.0 15.0 15.0 15.0 15.0 15.0 15.0 15.0 15.0 15.0 15.0 15.0 15.0 15.0 15.0 15.0 15.0 15.0 15.0 15.0 15.0 15.0 15.0 15.0 15.0 15.0 15.0 15.0 15.0 15.0 15.0 15.0 15.0 15.0 15.0 15.0 15.0 15.0 15.0 15.0 15.0 15.0 15.0 15.0 15.0 15.0 15.0 15.0 15.0 15.0 15.0 15.0 15.0 15.0 15.0 15.0 15.0 15.0 15.0 15.0 15.0 15.0 14.978603476769774 14.936334417820513 14.896998439678098 14.861291544374371 14.830047968909827 14.804218278851632 14.784799745660857 14.772706402339326 14.768595041322309 14.772706402339326 14.757289930079137 14.726781467386632 14.705302763856192 14.695443844556594 14.697331543957915 14.711209665807582 14.737335137810446 14.752580642547928 14.756696857311455 14.770893876110877 14.794564007926397 14.826797115167851 14.866529769409167 14.912677530017 14.964225721608363 14.996943353824253 15.0 15.0 15.0 15.0 15.0 15.0 15.0 15.0 15.0 15.0 15.0 15.0 15.0 15.0 15.0 15.0 15.0 15.0 15.0 15.0 15.0 15.0 15.0 15.0 15.0 15.0 15.0 15.0 15.0 15.0 15.0 15.0
15.0 15.0 15.0 15.0 15.0 15.0 15.0 15.0 15.0 15.0 15.0 15.0 15.0 15.0 15.0 15.0 15.0 15.0 15.0 15.0 15.0 15.0 15.0 15.0 15.0 15.0 15.0 15.0 15.0 15.0 15.0 15.0 15.0 15.0 15.0 15.0 15.0 15.0 15.0 15.0 15.0 15.0 15.0 15.0 15.0 15.0 15.0 15.0 15.0 15.0 15.0 15.0 15.0 15.0 15.0 15.0 15.0 15.0 15.0 15.0 15.0 15.0 15.0 14.978603476769774 14.94214876033058 14.909403867143775 14.881073581570199 14.857917572043169 14.840689907096257 14.830047968909827 14.82644628099174 14.830047968909827 14.840689907096257 14.844280253345044 14.827167177398918 14.817960481665695 14.82008557542432 14.833667386655234 14.840644716533308 14.835168472216017 14.838830299530889 14.851498225237794 14.872735878362308 14.901872340468351 14.938095281575862 14.980541442797636 14.998484742366875 15.0 15.0 15.0 15.0 15.0 15.0 15.0 15.0 15.0 15.0 15.0 15.0 15.0 15.0 15.0 15.0 15.0 15.0 15.0 15.0 15.0 15.0 15.0 15.0 15.0 15.0 15.0 15.0 15.0 15.0 15.0 15.0 15.0
15.0 15.0 15.0 15.0 15.0 15.0 15.0 15.0 15.0 15.0 15.0 15.0 15.0 15.0 15.0 15.0 15.0 15.0 15.0 15.0 15.0 15.0 15.0 15.0 15.0 15.0 15.0 15.0 15.0 15.0 15.0 15.0 15.0 15.0 15.0 15.0 15.0 15.0 15.0 15.0 15.0 15.0 15.0 15.0 15.0 15.0 15.0 15.0 15.0 15.0 15.0 15.0 15.0 15.0 15.0 15.0 15.0 15.0 15.0 15.0 15.0 15.0 15.0 15.0 14.989393196568125 14.959251330470323 14.933404996798124 14.91246141209534 14.896998439678098 14.887501619561673 14.88429752066116 14.887501619561673 14.896998439678098 14.91246141209534 14.933404996798124 14.942168409217611 14.945864999828155 14.935724444244475 14.922701815018787 14.917767567116703 14.921065128843699 14.932497742692494 14.951742128986613 14.978291512705226 14.998101897638588 15.0 15.0 15.0 15.0 15.0 15.0 15.0 15.0 15.0 15.0 15.0 15.0 15.0 15.0 15.0 15.0 15.0 15.0 15.0 15.0 15.0 15.0 15.0 15.0 15.0 15.0 15.0 15.0 15.0 15.0 15.0 15.0 15.0 15.0 15.0
15.0 15.0 15.0 15.0 15.0 15.0 15.0 15.0 15.0 15.0 15.0 15.0 15.0 15.0 15.0 15.0 15.0 15.0 15.0 15.0 15.0 15.0 15.0 15.0 15.0 15.0 15.0 15.0 15.0 15.0 15.0 15.0 15.0 15.0 15.0 15.0 15.0 15.0 15.0 15.0 15.0 15.0 15.0 15.0 15.0 15.0 15.0 15.0 15.0 15.0 15.0 15.0 15.0 15.0 15.0 15.0 15.0 15.0 15.0 15.0 15.0 15.0 15.0 15.0 15.0 15.0 14.986713283470113 14.967621037705566 14.953605563556195 14.945034126841701 14.94214876033058 14.945034126841701 14.953605563556195 14.967621037705566 14.986713283470113 15.0 15.0 15.0 15.0 15.0 15.0 15.0 15.0 15.0 15.0 15.0 15.0 15.0 15.0 15.0 15.0 15.0 15.0 15.0 15.0 15.0 15.0 15.0 15.0 15.0 15.0 15.0 15.0 15.0 15.0 15.0 15.0 15.0 15.0 15.0 15.0 15.0 15.0 15.0 15.0 15.0 15.0 15.0 15.0 15.0
15.0 15.0 15.0 15.0 15.0 15.0 15.0 15.0 15.0 15.0 15.0 15.0 15.0 15.0 15.0 15.0 15.0 15.0 15.0 15.0 15.0 15.0 15.0 15.0 15.0 15.0 15.0 15.0 15.0 15.0 15.0 15.0 15.0 15.0 15.0 15.0 15.0 15.0 15.0 15.0 15.0 15.0 15.0 15.0 15.0 15.0 15.0 15.0 15.0 15.0 15.0 15.0 15.0 15.0 15.0 15.0 15.0 15.0 15.0 15.0 15.0 15.0 15.0 15.0 15.0 15.0 15.0 15.0 15.0 15.0 15.0 15.0 15.0 15.0 15.0 15.0 15.0 15.0 15.0 15.0 15.0 15.0 15.0 15.0 15.0 15.0 15.0 15.0 15.0 15.0 15.0 15.0 15.0 15.0 15.0 15.0 15.0 15.0 15.0 15.0 15.0 15.0 15.0 15.0 15.0 15.0 15.0 15.0 15.0 15.0 15.0 15.0 15.0 15.0 15.0 15.0 15.0 15.0 15.0 15.0
15.0 15.0 15.0 15.0 15.0 15.0 15.0 15.0 15.0 15.0 15.0 15.0 15.0 15.0 15.0 15.0 15.0 15.0 15.0 15.0 15.0 15.0 15.0 15.0 15.0 15.0 15.0 15.0 15.0 15.0 15.0 15.0 15.0 15.0 15.0 15.0 15.0 15.0 15.0 15.0 15.0 15.0 15.0 15.0 15.0 15.0 15.0 15.0 15.0 15.0 15.0 15.0 15.0 15.0 15.0 15.0 15.0 15.0 15.0 15.0 15.0 15.0 15.0 15.0 15.0 15.0 15.0 15.0 15.0 15.0 15.0 15.0 15.0 15.0 15.0 15.0 15.0 15.0 15.0 15.0 15.0 15.0 15.0 15.0 15.0 15.0 15.0 15.0 15.0 15.0 15.0 15.0 15.0 15.0 15.0 15.0 15.0 15.0 15.0 15.0 15.0 15.0 15.0 15.0 15.0 15.0 15.0 15.0 15.0 15.0 15.0 15.0 15.0 15.0 15.0 15.0 15.0 15.0 15.0 15.0
15.0 15.0 15.0 15.0 15.0 15.0 15.0 15.0 15.0 15.0 15.0 15.0 15.0 15.0 15.0 15.0 15.0 15.0 15.0 15.0 15.0 15.0 15.0 15.0 15.0 15.0 15.0 15.0 15.0 15.0 15.0 15.0 15.0 15.0 15.0 15.0 15.0 15.0 15.0 15.0 15.0 15.0 15.0 15.0 15.0 15.0 15.0 15.0 15.0 15.0 15.0 15.0 15.0 15.0 15.0 15.0 15.0 15.0 15.0 15.0 15.0 15.0 15.0 15.0 15.0 15.0 15.0 15.0 15.0 15.0 15.0 15.0 15.0 15.0 15.0 15.0 15.0 15.0 15.0 15.0 15.0 15.0 15.0 15.0 15.0 15.0 15.0 15.0 15.0 15.0 15.0 15.0 15.0 15.0 15.0 15.0 15.0 15.0 15.0 15.0 15.0 15.0 15.0 15.0 15.0 15.0 15.0 15.0 15.0 15.0 15.0 15.0 15.0 15.0 15.0 15.0 15.0 15.0 15.0 15.0
15.0 15.0 15.0 15.0 15.0 15.0 15.0 15.0 15.0 15.0 15.0 15.0 15.0 15.0 15.0 15.0 15.0 15.0 15.0 15.0 15.0 15.0 15.0 15.0 15.0 15.0 15.0 15.0 15.0 15.0 15.0 15.0 15.0 15.0 15.0 15.0 15.0 15.0 15.0 15.0 15.0 15.0 15.0 15.0 15.0 15.0 15.0 15.0 15.0 15.0 15.0 15.0 15.0 15.0 15.0 15.0 15.0 15.0 15.0 15.0 15.0 15.0 15.0 15.0 15.0 15.0 15.0 15.0 15.0 15.0 15.0 15.0 15.0 15.0 15.0 15.0 15.0 15.0 15.0 15.0 15.0 15.0 15.0 15.0 15.0 15.0 15.0 15.0 15.0 15.0 15.0 15.0 15.0 15.0 15.0 15.0 15.0 15.0 15.0 15.0 15.0 15.0 15.0 15.0 15.0 15.0 15.0 15.0 15.0 15.0 15.0 15.0 15.0 15.0 15.0 15.0 15.0 15.0 15.0 15.0
15.0 15.0 15.0 15.0 15.0 15.0 15.0 15.0 15.0 15.0 15.0 15.0 15.0 15.0 15.0 15.0 15.0 15.0 15.0 15.0 15.0 15.0 15.0 15.0 15.0 15.0 15.0 15.0 15.0 15.0 15.0 15.0 15.0 15.0 15.0 15.0 15.0 15.0 15.0 15.0 15.0 15.0 15.0 15.0 15.0 15.0 15.0 15.0 15.0 15.0 15.0 15.0 15.0 15.0 15.0 15.0 15.0 15.0 15.0 15.0 15.0 15.0 15.0 15.0 15.0 15.0 15.0 15.0 15.0 15.0 15.0 15.0 15.0 15.0 15.0 15.0 15.0 15.0 15.0 15.0 15.0 15.0 15.0 15.0 15.0 15.0 15.0 15.0 15.0 15.0 15.0 15.0 15.0 15.0 15.0 15.0 15.0 15.0 15.0 15.0 15.0 15.0 15.0 15.0 15.0 15.0 15.0 15.0 15.0 15.0 15.0 15.0 15.0 15.0 15.0 15.0 15.0 15.0 15.0 15.0
15.0 15.0 15.0 15.0 15.0 15.0 15.0 15.0 15.0 15.0 15.0 15.0 15.0 15.0 15.0 15.0 15.0 15.0 15.0 15.0 15.0 15.0 15.0 15.0 15.0 15.0 15.0 15.0 15.0 15.0 15.0 15.0 15.0 15.0 15.0 15.0 15.0 15.0 15.0 15.0 15.0 15.0 15.0 15.0 15.0 15.0 15.0 15.0 15.0 15.0 15.0 15.0 15.0 15.0 15.0 15.0 15.0 15.0 15.0 15.0 15.0 15.0 15.0 15.0 15.0 15.0 15.0 15.0 15.0 15.0 15.0 15.0 15.0 15.0 15.0 15.0 15.0 15.0 15.0 15.0 15.0 15.0 15.0 15.0 15.0 15.0 15.0 15.0 15.0 15.0 15.0 15.0 15.0 15.0 15.0 15.0 15.0 15.0 15.0 15.0 15.0 15.0 15.0 15.0 15.0 15.0 15.0 15.0 15.0 15.0 15.0 15.0 15.0 15.0 15.0 15.0 15.0 15.0 15.0 15.0
15.0 15.0 15.0 15.0 15.0 15.0 15.0 15.0 15.0 15.0 15.0 15.0 15.0 15.0 15.0 15.0 15.0 15.0 15.0 15.0 15.0 15.0 15.0 15.0 15.0 15.0 15.0 15.0 15.0 15.0 15.0 15.0 15.0 15.0 15.0 15.0 15.0 15.0 15.0 15.0 15.0 15.0 15.0 15.0 15.0 15.0 15.0 15.0 15.0 15.0 15.0 15.0 15.0 15.0 15.0 15.0 15.0 15.0 15.0 15.0 15.0 15.0 15.0 15.0 15.0 15.0 15.0 15.0 15.0 15.0 15.0 15.0 15.0 15.0 15.0 15.0 15.0 15.0 15.0 15.0 15.0 15.0 15.0 15.0 15.0 15.0 15.0 15.0 15.0 15.0 15.0 15.0 15.0 15.0 15.0 15.0 15.0 15.0 15.0 15.0 15.0 15.0 15.0 15.0 15.0 15.0 15.0 15.0 15.0 15.0 15.0 15.0 15.0 15.0 15.0 15.0 15.0 15.0 15.0 15.0
15.0 15.0 15.0 15.0 15.0 15.0 15.0 15.0 15.0 15.0 15.0 15.0 15.0 15.0 15.0 15.0 15.0 15.0 15.0 15.0 15.0 15.0 15.0 15.0 15.0 15.0 15.0 15.0 15.0 15.0 15.0 15.0 15.0 15.0 15.0 15.0 15.0 15.0 15.0 15.0 15.0 15.0 15.0 15.0 15.0 15.0 15.0 15.0 15.0 15.0 15.0 15.0 15.0 15.0 15.0 15.0 15.0 15.0 15.0 15.0 15.0 15.0 15.0 15.0 15.0 15.0 15.0 15.0 15.0 15.0 15.0 15.0 15.0 15.0 15.0 15.0 15.0 15.0 15.0 15.0 15.0 15.0 15.0 15.0 15.0 15.0 15.0 15.0 15.0 15.0 15.0 15.0 15.0 15.0 15.0 15.0 15.0 15.0 15.0 15.0 15.0 15.0 15.0 15.0 15.0 15.0 15.0 15.0 15.0 15.0 15.0 15.0 15.0 15.0 15.0 15.0 15.0 15.0 15.0 15.0
15.0 15.0 15.0 15.0 15.0 15.0 15.0 15.0 15.0 15.0 15.0 15.0 15.0 15.0 15.0 15.0 15.0 15.0 15.0 15.0 15.0 15.0 15.0 15.0 15.0 15.0 15.0 15.0 15.0 15.0 15.0 15.0 15.0 15.0 15.0 15.0 15.0 15.0 15.0 15.0 15.0 15.0 15.0 15.0 15.0 15.0 15.0 15.0 15.0 15.0 15.0 15.0 15.0 15.0 15.0 15.0 15.0 15.0 15.0 15.0 15.0 15.0 15.0 15.0 15.0 15.0 15.0 15.0 15.0 15.0 15.0 15.0 15.0 15.0 15.0 15.0 15.0 15.0 15.0 15.0 15.0 15.0 15.0 15.0 15.0 15.0 15.0 15.0 15.0 15.0 15.0 15.0 15.0 15.0 15.0 15.0 15.0 15.0 15.0 15.0 15.0 15.0 15.0 15.0 15.0 15.0 15.0 15.0 15.0 15.0 15.0 15.0 15.0 15.0 15.0 15.0 15.0 15.0 15.0 15.0
15.0 15.0 15.0 15.0 15.0 15.0 15.0 15.0 15.0 15.0 15.0 15.0 15.0 15.0 15.0 15.0 15.0 15.0 15.0 15.0 15.0 15.0 15.0 15.0 15.0 15.0 15.0 15.0 15.0 15.0 15.0 15.0 15.0 15.0 15.0 15.0 15.0 15.0 15.0 15.0 15.0 15.0 15.0 15.0 15.0 15.0 15.0 15.0 15.0 15.0 15.0 15.0 15.0 15.0 15.0 15.0 15.0 15.0 15.0 15.0 15.0 15.0 15.0 15.0 15.0 15.0 15.0 15.0 15.0 15.0 15.0 15.0 15.0 15.0 15.0 15.0 15.0 15.0 15.0 15.0 15.0 15.0 15.0 15.0 15.0 15.0 15.0 15.0 15.0 15.0 15.0 15.0 15.0 15.0 15.0 15.0 15.0 15.0 15.0 15.0 15.0 15.0 15.0 15.0 15.0 15.0 15.0 15.0 15.0 15.0 15.0 15.0 15.0 15.0 15.0 15.0 15.0 15.0 15.0 15.0
15.0 15.0 15.0 15.0 15.0 15.0 15.0 15.0 15.0 15.0 15.0 15.0 15.0 15.0 15.0 15.0 15.0 15.0 15.0 15.0 15.0 15.0 15.0 15.0 15.0 15.0 15.0 15.0 15.0 15.0 15.0 15.0 15.0 15.0 15.0 15.0 15.0 15.0 15.0 15.0 15.0 15.0 15.0 15.0 15.0 15.0 15.0 15.0 15.0 15.0 15.0 15.0 15.0 15.0 15.0 15.0 15.0 15.0 15.0 15.0 15.0 15.0 15.0 15.0 15.0 15.0 15.0 15.0 15.0 15.0 15.0 15.0 15.0 15.0 15.0 15.0 15.0 15.0 15.0 15.0 15.0 15.0 15.0 15.0 15.0 15.0 15.0 15.0 15.0 15.0 15.0 15.0 15.0 15.0 15.0 15.0 15.0 15.0 15.0 15.0 15.0 15.0 15.0 15.0 15.0 15.0 15.0 15.0 15.0 15.0 15.0 15.0 15.0 15.0 15.0 15.0 15.0 15.0 15.0 15.0
15.0 15.0 15.0 15.0 15.0 15.0 15.0 15.0 15.0 15.0 15.0 15.0 15.0 15.0 15.0 15.0 15.0 15.0 15.0 15.0 15.0 15.0 15.0 15.0 15.0 15.0 15.0 15.0 15.0 15.0 15.0 15.0 15.0 15.0 15.0 15.0 15.0 15.0 15.0 15.0 15.0 15.0 15.0 15.0 15.0 15.0 15.0 15.0 15.0 15.0 15.0 15.0 15.0 15.0 15.0 15.0 15.0 15.0 15.0 15.0 15.0 15.0 15.0 15.0 15.0 15.0 15.0 15.0 15.0 15.0 15.0 15.0 15.0 15.0 15.0 15.0 15.0 15.0 15.0 15.0 15.0 15.0 15.0 15.0 15.0 15.0 15.0 15.0 15.0 15.0 15.0 15.0 15.0 15.0 15.0 15.0 15.0 15.0 15.0 15.0 15.0 15.0 15.0 15.0 15.0 15.0 15.0 15.0 15.0 15.0 15.0 15.0 15.0 15.0 15.0 15.0 15.0 15.0 15.0 15.0
15.0 15.0 15.0 15.0 15.0 15.0 15.0 15.0 15.0 15.0 15.0 15.0 15.0 15.0 15.0 15.0 15.0 15.0 15.0 15.0 15.0 15.0 15.0 15.0 15.0 15.0 15.0 15.0 15.0 15.0 15.0 15.0 15.0 15.0 15.0 15.0 15.0 15.0 15.0 15.0 15.0 15.0 15.0 15.0 15.0 15.0 15.0 15.0 15.0 15.0 15.0 15.0 15.0 15.0 15.0 15.0 15.0 15.0 15.0 15.0 15.0 15.0 15.0 15.0 15.0 15.0 15.0 15.0 15.0 15.0 15.0 15.0 15.0 15.0 15.0 15.0 15.0 15.0 15.0 15.0 15.0 15.0 15.0 15.0 15.0 15.0 15.0 15.0 15.0 15.0 15.0 15.0 15.0 15.0 15.0 15.0 15.0 15.0 15.0 15.0 15.0 15.0 15.0 15.0 15.0 15.0 15.0 15.0 15.0 15.0 15.0 15.0 15.0 15.0 15.0 15.0 15.0 15.0 15.0 15.0
15.0 15.0 15.0 15.0 15.0 15.0 15.0 15.0 15.0 15.0 15.0 15.0 15.0 15.0 15.0 15.0 15.0 15.0 15.0 15.0 15.0 15.0 15.0 15.0 15.0 15.0 15.0 15.0 15.0 15.0 15.0 15.0 15.0 15.0 15.0 15.0 15.0 15.0 15.0 15.0 15.0 15.0 15.0 15.0 15.0 15.0 15.0 15.0 15.0 15.0 15.0 15.0 15.0 15.0 15.0 15.0 15.0 15.0 15.0 15.0 15.0 15.0 15.0 15.0 15.0 15.0 15.0 15.0 15.0 15.0 15.0 15.0 15.0 15.0 15.0 15.0 15.0 15.0 15.0 15.0 15.0 15.0 15.0 15.0 15.0 15.0 15.0 15.0 15.0 15.0 15.0 15.0 15.0 15.0 15.0 15.0 15.0 15.0 15.0 15.0 15.0 15.0 15.0 15.0 15.0 15.0 15.0 15.0 15.0 15.0 15.0 15.0 15.0 15.0 15.0 15.0 15.0 15.0 15.0 15.0
15.0 15.0 15.0 15.0 15.0 15.0 15.0 15.0 15.0 15.0 15.0 15.0 15.0 15.0 15.0 15.0 15.0 15.0 15.0 15.0 15.0 15.0 15.0 15.0 15.0 15.0 15.0 15.0 15.0 15.0 15.0 15.0 15.0 15.0 15.0 15.0 15.0 15.0 15.0 15.0 15.0 15.0 15.0 15.0 15.0 15.0 15.0 15.0 15.0 15.0 15.0 15.0 15.0 15.0 15.0 15.0 15.0 15.0 15.0 15.0 15.0 15.0 15.0 15.0 15.0 15.0 15.0 15.0 15.0 15.0 15.0 15.0 15.0 15.0 15.0 15.0 15.0 15.0 15.0 15.0 15.0 15.0 15.0 15.0 15.0 15.0 15.0 15.0 15.0 15.0 15.0 15.0 15.0 15.0 15.0 15.0 15.0 15.0 15.0 15.0 15.0 15.0 15.0 15.0 15.0 15.0 15.0 15.0 15.0 15.0 15.0 15.0 15.0 15.0 15.0 15.0 15.0 15.0 15.0 15.0
15.0 15.0 15.0 15.0 15.0 15.0 15.0 15.0 15.0 15.0 15.0 15.0 15.0 15.0 15.0 15.0 15.0 15.0 15.0 15.0 15.0 15.0 15.0 15.0 15.0 15.0 15.0 15.0 15.0 15.0 15.0 15.0 15.0 15.0 15.0 15.0 15.0 15.0 15.0 15.0 15.0 15.0 15.0 15.0 15.0 15.0 15.0 15.0 15.0 15.0 15.0 15.0 15.0 15.0 15.0 15.0 15.0 15.0 15.0 15.0 15.0 15.0 15.0 15.0 15.0 15.0 15.0 15.0 15.0 15.0 15.0 15.0 15.0 15.0 15.0 15.0 15.0 15.0 15.0 15.0 15.0 15.0 15.0 15.0 15.0 15.0 15.0 15.0 15.0 15.0 15.0 15.0 15.0 15.0 15.0 15.0 15.0 15.0 15.0 15.0 15.0 15.0 15.0 15.0 15.0 15.0 15.0 15.0 15.0 15.0 15.0 15.0 15.0 15.0 15.0 15.0 15.0 15.0 15.0 15.0
15.0 15.0 15.0 15.0 15.0 15.0 15.0 15.0 15.0 15.0 15.0 15.0 15.0 15.0 15.0 15.0 15.0 15.0 15.0 15.0 15.0 15.0 15.0 15.0 15.0 15.0 15.0 15.0 15.0 15.0 15.0 15.0 15.0 15.0 15.0 15.0 15.0 15.0 15.0 15.0 15.0 15.0 15.0 15.0 15.0 15.0 15.0 15.0 15.0 15.0 15.0 15.0 15.0 15.0 15.0 15.0 15.0 15.0 15.0 15.0 15.0 15.0 15.0 15.0 15.0 15.0 15.0 15.0 15.0 15.0 15.0 15.0 15.0 15.0 15.0 15.0 15.0 15.0 15.0 15.0 15.0 15.0 15.0 15.0 15.0 15.0 15.0 15.0 15.0 15.0 15.0 15.0 15.0 15.0 15.0 15.0 15.0 15.0 15.0 15.0 15.0 15.0 15.0 15.0 15.0 15.0 15.0 15.0 15.0 15.0 15.0 15.0 15.0 15.0 15.0 15.0 15.0 15.0 15.0 15.0
15.0 15.0 15.0 15.0 15.0 15.0 15.0 15.0 15.0 15.0 15.0 15.0 15.0 15.0 15.0 15.0 15.0 15.0 15.0 15.0 15.0 15.0 15.0 15.0 15.0 15.0 15.0 15.0 15.0 15.0 15.0 15.0 15.0 15.0 15.0 15.0 15.0 15.0 15.0 15.0 15.0 15.0 15.0 15.0 15.0 15.0 15.0 15.0 15.0 15.0 15.0 15.0 15.0 15.0 15.0 15.0 15.0 15.0 15.0 15.0 15.0 15.0 15.0 15.0 15.0 15.0 15.0 15.0 15.0 15.0 15.0 15.0 15.0 15.0 15.0 15.0 15.0 15.0 15.0 15.0 15.0 15.0 15.0 15.0 15.0 15.0 15.0 15.0 15.0 15.0 15.0 15.0 15.0 15.0 15.0 15.0 15.0 15.0 15.0 15.0 15.0 15.0 15.0 15.0 15.0 15.0 15.0 15.0 15.0 15.0 15.0 15.0 15.0 15.0 15.0 15.0 15.0 15.0 15.0 15.0
15.0 15.0 15.0 15.0 15.0 15.0 15.0 15.0 15.0 15.0 15.0 15.0 15.0 15.0 15.0 15.0 15.0 15.0 15.0 15.0 15.0 15.0 15.0 15.0 15.0 15.0 15.0 15.0 15.0 15.0 15.0 15.0 15.0 15.0 15.0 15.0 15.0 15.0 15.0 15.0 15.0 15.0 15.0 15.0 15.0 15.0 15.0 15.0 15.0 15.0 15.0 15.0 15.0 15.0 15.0 15.0 15.0 15.0 15.0 15.0 15.0 15.0 15.0 15.0 15.0 15.0 15.0 15.0 15.0 15.0 15.0 15.0 15.0 15.0 15.0 15.0 15.0 15.0 15.0 15.0 15.0 15.0 15.0 15.0 15.0 15.0 15.0 15.0 15.0 15.0 15.0 15.0 15.0 15.0 15.0 15.0 15.0 15.0 15.0 15.0 15.0 15.0 15.0 15.0 15.0 15.0 15.0 15.0 15.0 15.0 15.0 15.0 15.0 15.0 15.0 15.0 15.0 15.0 15.0 15.0
15.0 15.0 15.0 15.0 15.0 15.0 15.0 15.0 15.0 15.0 15.0 15.0 15.0 15.0 15.0 15.0 15.0 15.0 15.0 15.0 15.0 15.0 15.0 15.0 15.0 15.0 15.0 15.0 15.0 15.0 15.0 15.0 15.0 15.0 15.0 15.0 15.0 15.0 15.0 15.0 15.0 15.0 15.0 15.0 15.0 15.0 15.0 15.0 15.0 15.0 15.0 15.0 15.0 15.0 15.0 15.0 15.0 15.0 15.0 15.0 15.0 15.0 15.0 15.0 15.0 15.0 15.0 15.0 15.0 15.0 15.0 15.0 15.0 15.0 15.0 15.0 15.0 15.0 15.0 15.0 15.0 15.0 15.0 15.0 15.0 15.0 15.0 15.0 15.0 15.0 15.0 15.0 15.0 15.0 15.0 15.0 15.0 15.0 15.0 15.0 15.0 15.0 15.0 15.0 15.0 15.0 15.0 15.0 15.0 15.0 15.0 15.0 15.0 15.0 15.0 15.0 15.0 15.0 15.0 15.0
15.0 15.0 15.0 15.0 15.0 15.0 15.0 15.0 15.0 15.0 15.0 15.0 15.0 15.0 15.0 15.0 15.0 15.0 15.0 15.0 15.0 15.0 15.0 15.0 15.0 15.0 15.0 15.0 15.0 15.0 15.0 15.0 15.0 15.0 15.0 15.0 15.0 15.0 15.0 15.0 15.0 15.0 15.0 15.0 15.0 15.0 15.0 15.0 15.0 15.0 15.0 15.0 15.0 15.0 15.0 15.0 15.0 15.0 15.0 15.0 15.0 15.0 15.0 15.0 15.0 15.0 15.0 15.0 15.0 15.0 15.0 15.0 15.0 15.0 15.0 15.0 15.0 15.0 15.0 15.0 15.0 15.0 15.0 15.0 15.0 15.0 15.0 15.0 15.0 15.0 15.0 15.0 15.0 15.0 15.0 15.0 15.0 15.0 15.0 15.0 15.0 15.0 15.0 15.0 15.0 15.0 15.0 15.0 15.0 15.0 15.0 15.0 15.0 15.0 15.0 15.0 15.0 15.0 15.0 15.0
15.0 15.0 15.0 15.0 15.0 15.0 15.0 15.0 15.0 15.0 15.0 15.0 15.0 15.0 15.0 15.0 15.0 15.0 15.0 15.0 15.0 15.0 15.0 15.0 15.0 15.0 15.0 15.0 15.0 15.0 15.0 15.0 15.0 15.0 15.0 15.0 15.0 15.0 15.0 15.0 15.0 15.0 15.0 15.0 15.0 15.0 15.0 15.0 15.0 15.0 15.0 15.0 15.0 15.0 15.0 15.0 15.0 15.0 15.0 15.0 15.0 15.0 15.0 15.0 15.0 15.0 15.0 15.0 15.0 15.0 15.0 15.0 15.0 15.0 15.0 15.0 15.0 15.0 15.0 15.0 15.0 15.0 15.0 15.0 15.0 15.0 15.0 15.0 15.0 15.0 15.0 15.0 15.0 15.0 15.0 15.0 15.0 15.0 15.0 15.0 15.0 15.0 15.0 15.0 15.0 15.0 15.0 15.0 15.0 15.0 15.0 15.0 15.0 15.0 15.0 15.0 15.0 15.0 15.0 15.0
15.0 15.0 15.0 15.0 15.0 15.0 15.0 15.0 15.0 15.0 15.0 15.0 15.0 15.0 15.0 15.0 15.0 15.0 15.0 15.0 15.0 15.0 15.0 15.0 15.0 15.0 15.0 15.0 15.0 15.0 15.0 15.0 15.0 15.0 15.0 15.0 15.0 15.0 15.0 15.0 15.0 15.0 15.0 15.0 15.0 15.0 15.0 15.0 15.0 15.0 15.0 15.0 15.0 15.0 15.0 15.0 15.0 15.0 15.0 15.0 15.0 15.0 15.0 15.0 15.0 15.0 15.0 15.0 15.0 15.0 15.0 15.0 15.0 15.0 15.0 15.0 15.0 15.0 15.0 15.0 15.0 15.0 15.0 15.0 15.0 15.0 15.0 15.0 15.0 15.0 15.0 15.0 15.0 15.0 15.0 15.0 15.0 15.0 15.0 15.0 15.0 15.0 15.0 15.0 15.0 15.0 15.0 15.0 15.0 15.0 15.0 15.0 15.0 15.0 15.0 15.0 15.0 15.0 15.0 15.0
15.0 15.0 15.0 15.0 15.0 15.0 15.0 15.0 15.0 15.0 15.0 15.0 15.0 15.0 15.0 15.0 15.0 15.0 15.0 15.0 15.0 15.0 15.0 15.0 15.0 15.0 15.0 15.0 15.0 15.0 15.0 15.0 15.0 15.0 15.0 15.0 15.0 15.0 15.0 15.0 15.0 15.0 15.0 15.0 15.0 15.0 15.0 15.0 15.0 15.0 15.0 15.0 15.0 15.0 15.0 15.0 15.0 15.0 15.0 15.0 15.0 15.0 15.0 15.0 15.0 15.0 15.0 15.0 15.0 15.0 15.0 15.0 15.0 15.0 15.0 15.0 15.0 15.0 15.0 15.0 15.0 15.0 15.0 15.0 15.0 15.0 15.0 15.0 15.0 15.0 15.0 15.0 15.0 15.0 15.0 15.0 15.0 15.0 15.0 15.0 15.0 15.0 15.0 15.0 15.0 15.0 15.0 15.0 15.0 15.0 15.0 15.0 15.0 15.0 15.0 15.0 15.0 15.0 15.0 15.0
15.0 15.0 15.0 15.0 15.0 15.0 15.0 15.0 15.0 15.0 15.0 15.0 15.0 15.0 15.0 15.0 15.0 15.0 15.0 15.0 15.0 15.0 15.0 15.0 15.0 15.0 15.0 15.0 15.0 15.0 15.0 15.0 15.0 15.0 15.0 15.0 15.0 15.0 15.0 15.0 15.0 15.0 15.0 15.0 15.0 15.0 15.0 15.0 15.0 15.0 15.0 15.0 15.0 15.0 15.0 15.0 15.0 15.0 15.0 15.0 15.0 15.0 15.0 15.0 15.0 15.0 15.0 15.0 15.0 15.0 15.0 15.0 15.0 15.0 15.0 15.0 15.0 15.0 15.0 15.0 15.0 15.0 15.0 15.0 15.0 15.0 15.0 15.0 15.0 15.0 15.0 15.0 15.0 15.0 15.0 15.0 15.0 15.0 15.0 15.0 15.0 15.0 15.0 15.0 15.0 15.0 15.0 15.0 15.0 15.0 15.0 15.0 15.0 15.0 15.0 15.0 15.0 15.0 15.0 15.0
15.0 15.0 15.0 15.0 15.0 15.0 15.0 15.0 15.0 15.0 15.0 15.0 15.0 15.0 15.0 15.0 15.0 15.0 15.0 15.0 15.0 15.0 15.0 15.0 15.0 15.0 15.0 15.0 15.0 15.0 15.0 15.0 15.0 15.0 15.0 15.0 15.0 15.0 15.0 15.0 15.0 15.0 15.0 15.0 15.0 15.0 15.0 15.0 15.0 15.0 15.0 15.0 15.0 15.0 15.0 15.0 15.0 15.0 15.0 15.0 15.0 15.0 15.0 15.0 15.0 15.0 15.0 15.0 15.0 15.0 15.0 15.0 15.0 15.0 15.0 15.0 15.0 15.0 15.0 15.0 15.0 15.0 15.0 15.0 15.0 15.0 15.0 15.0 15.0 15.0 15.0 15.0 15.0 15.0 15.0 15.0 15.0 15.0 15.0 15.0 15.0 15.0 15.0 15.0 15.0 15.0 15.0 15.0 15.0 15.0 15.0 15.0 15.0 15.0 15.0 15.0 15.0 15.0 15.0 15.0
15.0 15.0 15.0 15.0 15.0 15.0 15.0 15.0 15.0 15.0 15.0 15.0 15.0 15.0 15.0 15.0 15.0 15.0 15.0 15.0 15.0 15.0 15.0 15.0 15.0 15.0 15.0 15.0 15.0 15.0 15.0 15.0 15.0 15.0 15.0 15.0 15.0 15.0 15.0 15.0 15.0 15.0 15.0 15.0 15.0 15.0 15.0 15.0 15.0 15.0 15.0 15.0 15.0 15.0 15.0 15.0 15.0 15.0 15.0 15.0 15.0 15.0 15.0 15.0 15.0 15.0 15.0 15.0 15.0 15.0 15.0 15.0 15.0 15.0 15.0 15.0 15.0 15.0 15.0 15.0 15.0 15.0 15.0 15.0 15.0 15.0 15.0 15.0 15.0 15.0 15.0 15.0 15.0 15.0 15.0 15.0 15.0 15.0 15.0 15.0 15.0 15.0 15.0 15.0 15.0 15.0 15.0 15.0 15.0 15.0 15.0 15.0 15.0 15.0 15.0 15.0 15.0 15.0 15.0 15.0
15.0 15.0 15.0 15.0 15.0 15.0 15.0 15.0 15.0 15.0 15.0 15.0 15.0 15.0 15.0 15.0 15.0 15.0 15.0 15.0 15.0 15.0 15.0 15.0 15.0 15.0 15.0 15.0 15.0 15.0 15.0 15.0 15.0 15.0 15.0 15.0 15.0 15.0 15.0 15.0 15.0 15.0 15.0 15.0 15.0 15.0 15.0 15.0 15.0 15.0 15.0 15.0 15.0 15.0 15.0 15.0 15.0 15.0 15.0 15.0 15.0 15.0 15.0 15.0 15.0 15.0 15.0 15.0 15.0 15.0 15.0 15.0 15.0 15.0 15.0 15.0 15.0 15.0 15.0 15.0 15.0 15.0 15.0 15.0 15.0 15.0 15.0 15.0 15.0 15.0 15.0 15.0 15.0 15.0 15.0 15.0 15.0 15.0 15.0 15.0 15.0 15.0 15.0 15.0 15.0 15.0 15.0 15.0 15.0 15.0 15.0 15.0 15.0 15.0 15.0 15.0 15.0 15.0 15.0 15.0
15.0 15.0 15.0 15.0 15.0 15.0 15.0 15.0 15.0 15.0 15.0 15.0 15.0 15.0 15.0 15.0 15.0 15.0 15.0 15.0 15.0 15.0 15.0 15.0 15.0 15.0 15.0 15.0 15.0 15.0 15.0 15.0 15.0 15.0 15.0 15.0 15.0 15.0 15.0 15.0 15.0 15.0 15.0 15.0 15.0 15.0 15.0 15.0 15.0 15.0 15.0 15.0 15.0 15.0 15.0 15.0 15.0 15.0 15.0 15.0 15.0 15.0 15.0 15.0 15.0 15.0 15.0 15.0 15.0 15.0 15.0 15.0 15.0 15.0 15.0 15.0 15.0 15.0 15.0 15.0 15.0 15.0 15.0 15.0 15.0 15.0 15.0 15.0 15.0 15.0 15.0 15.0 15.0 15.0 15.0 15.0 15.0 15.0 15.0 15.0 15.0 15.0 15.0 15.0 15.0 15.0 15.0 15.0 15.0 15.0 15.0 15.0 15.0 15.0 15.0 15.0 15.0 15.0 15.0 15.0
15.0 15.0 15.0 15.0 15.0 15.0 15.0 15.0 15.0 15.0 15.0 15.0 15.0 15.0 15.0 15.0 15.0 15.0 15.0 15.0 15.0 15.0 15.0 15.0 15.0 15.0 15.0 15.0 15.0 15.0 15.0 15.0 15.0 15.0 15.0 15.0 15.0 15.0 15.0 15.0 15.0 15.0 15.0 15.0 15.0 15.0 15.0 15.0 15.0 15.0 15.0 15.0 15.0 15.0 15.0 15.0 15.0 15.0 15.0 15.0 15.0 15.0 15.0 15.0 15.0 15.0 15.0 15.0 15.0 15.0 15.0 15.0 15.0 15.0 15.0 15.0 15.0 15.0 15.0 15.0 15.0 15.0 15.0 15.0 15.0 15.0 15.0 15.0 15.0 15.0 15.0 15.0 15.0 15.0 15.0 15.0 15.0 15.0 15.0 15.0 15.0 15.0 15.0 15.0 15.0 15.0 15.0 15.0 15.0 15.0 15.0 15.0 15.0 15.0 15.0 15.0 15.0 15.0 15.0 15.0
15.0 15.0 15.0 15.0 15.0 15.0 15.0 15.0 15.0 15.0 15.0 15.0 15.0 15.0 15.0 15.0 15.0 15.0 15.0 15.0 15.0 15.0 15.0 15.0 15.0 15.0 15.0 15.0 15.0 15.0 15.0 15.0 15.0 15.0 15.0 15.0 15.0 15.0 15.0 15.0 15.0 15.0 15.0 15.0 15.0 15.0 15.0 15.0 15.0 15.0 15.0 15.0 15.0 15.0 15.0 15.0 15.0 15.0 15.0 15.0 15.0 15.0 15.0 15.0 15.0 15.0 15.0 15.0 15.0 15.0 15.0 15.0 15.0 15.0 15.0 15.0 15.0 15.0 15.0 15.0 15.0 15.0 15.0 15.0 15.0 15.0 15.0 15.0 15.0 15.0 15.0 15.0 15.0 15.0 15.0 15.0 15.0 15.0 15.0 15.0 15.0 15.0 15.0 15.0 15.0 15.0 15.0 15.0 15.0 15.0 15.0 15.0 15.0 15.0 15.0 15.0 15.0 15.0 15.0 15.0
15.0 15.0 15.0 15.0 15.0 15.0 15.0 15.0 15.0 15.0 15.0 15.0 15.0 15.0 15.0 15.0 15.0 15.0 15.0 15.0 15.0 15.0 15.0 15.0 15.0 15.0 15.0 15.0 15.0 15.0 15.0 15.0 15.0 15.0 15.0 15.0 15.0 15.0 15.0 15.0 15.0 15.0 15.0 15.0 15.0 15.0 15.0 15.0 15.0 15.0 15.0 15.0 15.0 15.0 15.0 15.0 15.0 15.0 15.0 15.0 15.0 15.0 15.0 15.0 15.0 15.0 15.0 15.0 15.0 15.0 15.0 15.0 15.0 15.0 15.0 15.0 15.0 15.0 15.0 15.0 15.0 15.0 15.0 15.0 15.0 15.0 15.0 15.0 15.0 15.0 15.0 15.0 15.0 15.0 15.0 15.0 15.0 15.0 15.0 15.0 15.0 15.0 15.0 15.0 15.0 15.0 15.0 15.0 15.0 15.0 15.0 15.0 15.0 15.0 15.0 15.0 15.0 15.0 15.0 15.0
15.0 15.0 15.0 15.0 15.0 15.0 15.0 15.0 15.0 15.0 15.0 15.0 15.0 15.0 15.0 15.0 15.0 15.0 15.0 15.0 15.0 15.0 15.0 15.0 15.0 15.0 15.0 15.0 15.0 15.0 15.0 15.0 15.0 15.0 15.0 15.0 15.0 15.0 15.0 15.0 15.0 15.0 15.0 15.0 15.0 15.0 15.0 15.0 15.0 15.0 15.0 15.0 15.0 15.0 15.0 15.0 15.0 15.0 15.0 15.0 15.0 15.0 15.0 15.0 15.0 15.0 15.0 15.0 15.0 15.0 15.0 15.0 15.0 15.0 15.0 15.0 15.0 15.0 15.0 15.0 15.0 15.0 15.0 15.0 15.0 15.0 15.0 15.0 15.0 15.0 15.0 15.0 15.0 15.0 15.0 15.0 15.0 15.0 15.0 15.0 15.0 15.0 15.0 15.0 15.0 15.0 15.0 15.0 15.0 15.0 15.0 15.0 15.0 15.0 15.0 15.0 15.0 15.0 15.0 15.0
15.0 15.0 15.0 15.0 15.0 15.0 15.0 15.0 15.0 15.0 15.0 15.0 15.0 15.0 15.0 15.0 15.0 15.0 15.0 15.0 15.0 15.0 15.0 15.0 15.0 15.0 15.0 15.0 15.0 15.0 15.0 15.0 15.0 15.0 15.0 15.0 15.0 15.0 15.0 15.0 15.0 15.0 15.0 15.0 15.0 15.0 15.0 15.0 15.0 15.0 15.0 15.0 15.0 15.0 15.0 15.0 15.0 15.0 15.0 15.0 15.0 15.0 15.0 15.0 15.0 15.0 15.0 15.0 15.0 15.0 15.0 15.0 15.0 15.0 15.0 15.0 15.0 15.0 15.0 15.0 15.0 15.0 15.0 15.0 15.0 15.0 15.0 15.0 15.0 15.0 15.0 15.0 15.0 15.0 15.0 15.0 15.0 15.0 15.0 15.0 15.0 15.0 15.0 15.0 15.0 15.0 15.0 15.0 15.0 15.0 15.0 15.0 15.0 15.0 15.0 15.0 15.0 15.0 15.0 15.0
15.0 15.0 15.0 15.0 15.0 15.0 15.0 15.0 15.0 15.0 15.0 15.0 15.0 15.0 15.0 15.0 15.0 15.0 15.0 15.0 15.0 15.0 15.0 15.0 15.0 15.0 15.0 15.0 15.0 15.0 15.0 15.0 15.0 15.0 15.0 15.0 15.0 15.0 15.0 15.0 15.0 15.0 15.0 15.0 15.0 15.0 15.0 15.0 15.0 15.0 15.0 15.0 15.0 15.0 15.0 15.0 15.0 15.0 15.0 15.0 15.0 15.0 15.0 15.0 15.0 15.0 15.0 15.0 15.0 15.0 15.0 15.0 15.0 15.0 15.0 15.0 15.0 15.0 15.0 15.0 15.0 15.0 15.0 15.0 15.0 15.0 15.0 15.0 15.0 15.0 15.0 15.0 15.0 15.0 15.0 15.0 15.0 15.0 15.0 15.0 15.0 15.0 15.0 15.0 15.0 15.0 15.0 15.0 15.0 15.0 15.0 15.0 15.0 15.0 15.0 15.0 15.0 15.0 15.0 15.0
15.0 15.0 15.0 15.0 15.0 15.0 15.0 15.0 15.0 15.0 15.0 15.0 15.0 15.0 15.0 15.0 15.0 15.0 15.0 15.0 15.0 15.0 15.0 15.0 15.0 15.0 15.0 15.0 15.0 15.0 15.0 15.0 15.0 15.0 15.0 15.0 15.0 15.0 15.0 15.0 15.0 15.0 15.0 15.0 15.0 15.0 15.0 15.0 15.0 15.0 15.0 15.0 15.0 15.0 15.0 15.0 15.0 15.0 15.0 15.0 15.0 15.0 15.0 15.0 15.0 15.0 15.0 15.0 15.0 15.0 15.0 15.0 15.0 15.0 15.0 15.0 15.0 15.0 15.0 15.0 15.0 15.0 15.0 15.0 15.0 15.0 15.0 15.0 15.0 15.0 15.0 15.0 15.0 15.0 15.0 15.0 15.0 15.0 15.0 15.0 15.0 15.0 15.0 15.0 15.0 15.0 15.0 15.0 15.0 15.0 15.0 15.0 15.0 15.0 15.0 15.0 15.0 15.0 15.0 15.0
15.0 15.0 15.0 15.0 15.0 15.0 15.0 15.0 15.0 15.0 15.0 15.0 15.0 15.0 15.0 15.0 15.0 15.0 15.0 15.0 15.0 15.0 15.0 15.0 15.0 15.0 15.0 15.0 15.0 15.0 15.0 15.0 15.0 15.0 15.0 15.0 15.0 15.0 15.0 15.0 15.0 15.0 15.0 15.0 15.0 15.0 15.0 15.0 15.0 15.0 15.0 15.0 15.0 15.0 15.0 15.0 15.0 15.0 15.0 15.0 15.0 15.0 15.0 15.0 15.0 15.0 15.0 15.0 15.0 15.0 15.0 15.0 15.0 15.0 15.0 15.0 15.0 15.0 15.0 15.0 15.0 15.0 15.0 15.0 15.0 15.0 15.0 15.0 15.0 15.0 15.0 15.0 15.0 15.0 15.0 15.0 15.0 15.0 15.0 15.0 15.0 15.0 15.0 15.0 15.0 15.0 15.0 15.0 15.0 15.0 15.0 15.0 15.0 15.0 15.0 15.0 15.0 15.0 15.0 15.0
15.0 15.0 15.0 15.0 15.0 15.0 15.0 15.0 15.0 15.0 15.0 15.0 15.0 15.0 15.0 15.0 15.0 15.0 15.0 15.0 15.0 15.0 15.0 15.0 15.0 15.0 15.0 15.0 15.0 15.0 15.0 15.0 15.0 15.0 15.0 15.0 15.0 15.0 15.0 15.0 15.0 15.0 15.0 15.0 15.0 15.0 15.0 15.0 15.0 15.0 15.0 15.0 15.0 15.0 15.0 15.0 15.0 15.0 15.0 15.0 15.0 15.0 15.0 15.0 15.0 15.0 15.0 15.0 15.0 15.0 15.0 15.0 15.0 15.0 15.0 15.0 15.0 15.0 15.0 15.0 15.0 15.0 15.0 15.0 15.0 15.0 15.0 15.0 15.0 15.0 15.0 15.0 15.0 15.0 15.0 15.0 15.0 15.0 15.0 15.0 15.0 15.0 15.0 15.0 15.0 15.0 15.0 15.0 15.0 15.0 15.0 15.0 15.0 15.0 15.0 15.0 15.0 15.0 15.0 15.0
15.0 15.0 15.0 15.0 15.0 15.0 15.0 15.0 15.0 15.0 15.0 15.0 15.0 15.0 15.0 15.0 15.0 15.0 15.0 15.0 15.0 15.0 15.0 15.0 15.0 15.0 15.0 15.0 15.0 15.0 15.0 15.0 15.0 15.0 15.0 15.0 15.0 15.0 15.0 15.0 15.0 15.0 15.0 15.0 15.0 15.0 15.0 15.0 15.0 15.0 15.0 15.0 15.0 15.0 15.0 15.0 15.0 15.0 15.0 15.0 15.0 15.0 15.0 15.0 15.0 15.0 15.0 15.0 15.0 15.0 15.0 15.0 15.0 15.0 15.0 15.0 15.0 15.0 15.0 15.0 15.0 15.0 15.0 15.0 15.0 15.0 15.0 15.0 15.0 15.0 15.0 15.0 15.0 15.0 15.0 15.0 15.0 15.0 15.0 15.0 15.0 15.0 15.0 15.0 15.0 15.0 15.0 15.0 15.0 15.0 15.0 15.0 15.0 15.0 15.0 15.0 15.0 15.0 15.0 15.0
15.0 15.0 15.0 15.0 15.0 15.0 15.0 15.0 15.0 15.0 15.0 15.0 15.0 15.0 15.0 15.0 15.0 15.0 15.0 15.0 15.0 15.0 15.0 15.0 15.0 15.0 15.0 15.0 15.0 15.0 15.0 15.0 15.0 15.0 15.0 15.0 15.0 15.0 15.0 15.0 15.0 15.0 15.0 15.0 15.0 15.0 15.0 15.0 15.0 15.0 15.0 15.0 15.0 15.0 15.0 15.0 15.0 15.0 15.0 15.0 15.0 15.0 15.0 15.0 15.0 15.0 15.0 15.0 15.0 15.0 15.0 15.0 15.0 15.0 15.0 15.0 15.0 15.0 15.0 15.0 15.0 15.0 15.0 15.0 15.0 15.0 15.0 15.0 15.0 15.0 15.0 15.0 15.0 15.0 15.0 15.0 15.0 15.0 15.0 15.0 15.0 15.0 15.0 15.0 15.0 15.0 15.0 15.0 15.0 15.0 15.0 15.0 15.0 15.0 15.0 15.0 15.0 15.0 15.0 15.0
15.0 15.0 15.0 15.0 15.0 15.0 15.0 15.0 15.0 15.0 15.0 15.0 15.0 15.0 15.0 15.0 15.0 15.0 15.0 15.0 15.0 15.0 15.0 15.0 15.0 15.0 15.0 15.0 15.0 15.0 15.0 15.0 15.0 15.0 15.0 15.0 15.0 15.0 15.0 15.0 15.0 15.0 15.0 15.0 15.0 15.0 15.0 15.0 15.0 15.0 15.0 15.0 15.0 15.0 15.0 15.0 15.0 15.0 15.0 15.0 15.0 15.0 15.0 15.0 15.0 15.0 15.0 15.0 15.0 15.0 15.0 15.0 15.0 15.0 15.0 15.0 15.0 15.0 15.0 15.0 15.0 15.0 15.0 15.0 15.0 15.0 15.0 15.0 15.0 15.0 15.0 15.0 15.0 15.0 15.0 15.0 15.0 15.0 15.0 15.0 15.0 15.0 15.0 15.0 15.0 15.0 15.0 15.0 15.0 15.0 15.0 15.0 15.0 15.0 15.0 15.0 15.0 15.0 15.0 15.0
15.0 15.0 15.0 15.0 15.0 15.0 15.0 15.0 15.0 15.0 15.0 15.0 15.0 15.0 15.0 15.0 15.0 15.0 15.0 15.0 15.0 15.0 15.0 15.0 15.0 15.0 15.0 15.0 15.0 15.0 15.0 15.0 15.0 15.0 15.0 15.0 15.0 15.0 15.0 15.0 15.0 15.0 15.0 15.0 15.0 15.0 15.0 15.0 15.0 15.0 15.0 15.0 15.0 15.0 15.0 15.0 15.0 15.0 15.0 15.0 15.0 15.0 15.0 15.0 15.0 15.0 15.0 15.0 15.0 15.0 15.0 15.0 15.0 15.0 15.0 15.0 15.0 15.0 15.0 15.0 15.0 15.0 15.0 15.0 15.0 15.0 15.0 15.0 15.0 15.0 15.0 15.0 15.0 15.0 15.0 15.0 15.0 15.0 15.0 15.0 15.0 15.0 15.0 15.0 15.0 15.0 15.0 15.0 15.0 15.0 15.0 15.0 15.0 15.0 15.0 15.0 15.0 15.0 15.0 15.0
15.0 15.0 15.0 15.0 15.0 15.0 15.0 15.0 15.0 15.0 15.0 15.0 15.0 15.0 15.0 15.0 15.0 15.0 15.0 15.0 15.0 15.0 15.0 15.0 15.0 15.0 15.0 15.0 15.0 15.0 15.0 15.0 15.0 15.0 15.0 15.0 15.0 15.0 15.0 15.0 15.0 15.0 15.0 15.0 15.0 15.0 15.0 15.0 15.0 15.0 15.0 15.0 15.0 15.0 15.0 15.0 15.0 15.0 15.0 15.0 15.0 15.0 15.0 15.0 15.0 15.0 15.0 15.0 15.0 15.0 15.0 15.0 15.0 15.0 15.0 15.0 15.0 15.0 15.0 15.0 15.0 15.0 15.0 15.0 15.0 15.0 15.0 15.0 15.0 15.0 15.0 15.0 15.0 15.0 15.0 15.0 15.0 15.0 15.0 15.0 15.0 15.0 15.0 15.0 15.0 15.0 15.0 15.0 15.0 15.0 15.0 15.0 15.0 15.0 15.0 15.0 15.0 15.0 15.0 15.0
15.0 15.0 15.0 15.0 15.0 15.0 15.0 15.0 15.0 15.0 15.0 15.0 15.0 15.0 15.0 15.0 15.0 15.0 15.0 15.0 15.0 15.0 15.0 15.0 15.0 15.0 15.0 15.0 15.0 15.0 15.0 15.0 15.0 15.0 15.0 15.0 15.0 15.0 15.0 15.0 15.0 15.0 15.0 15.0 15.0 15.0 15.0 15.0 15.0 15.0 15.0 15.0 15.0 15.0 15.0 15.0 15.0 15.0 15.0 15.0 15.0 15.0 15.0 15.0 15.0 15.0 15.0 15.0 15.0 15.0 15.0 15.0 15.0 15.0 15.0 15.0 15.0 15.0 15.0 15.0 15.0 15.0 15.0 15.0 15.0 15.0 15.0 15.0 15.0 15.0 15.0 15.0 15.0 15.0 15.0 15.0 15.0 15.0 15.0 15.0 15.0 15.0 15.0 15.0 15.0 15.0 15.0 15.0 15.0 15.0 15.0 15.0 15.0 15.0 15.0 15.0 15.0 15.0 15.0 15.0
15.0 15.0 15.0 15.0 15.0 15.0 15.0 15.0 15.0 15.0 15.0 15.0 15.0 15.0 15.0 15.0 15.0 15.0 15.0 15.0 15.0 15.0 15.0 15.0 15.0 15.0 15.0 15.0 15.0 15.0 15.0 15.0 15.0 15.0 15.0 15.0 15.0 15.0 15.0 15.0 15.0 15.0 15.0 15.0 15.0 15.0 15.0 15.0 15.0 15.0 15.0 15.0 15.0 15.0 15.0 15.0 15.0 15.0 15.0 15.0 15.0 15.0 15.0 15.0 15.0 15.0 15.0 15.0 15.0 15.0 15.0 15.0 15.0 15.0 15.0 15.0 15.0 15.0 15.0 15.0 15.0 15.0 15.0 15.0 15.0 15.0 15.0 15.0 15.0 15.0 15.0 15.0 15.0 15.0 15.0 15.0 15.0 15.0 15.0 15.0 15.0 15.0 15.0 15.0 15.0 15.0 15.0 15.0 15.0 15.0 15.0 15.0 15.0 15.0 15.0 15.0 15.0 15.0 15.0 15.0
15.0 15.0 15.0 15.0 15.0 15.0 15.0 15.0 15.0 15.0 15.0 15.0 15.0 15.0 15.0 15.0 15.0 15.0 15.0 15.0 15.0 15.0 15.0 15.0 15.0 15.0 15.0 15.0 15.0 15.0 15.0 15.0 15.0 15.0 15.0 15.0 15.0 15.0 15.0 15.0 15.0 15.0 15.0 15.0 15.0 15.0 15.0 15.0 15.0 15.0 15.0 15.0 15.0 15.0 15.0 15.0 15.0 15.0 15.0 15.0 15.0 15.0 15.0 15.0 15.0 15.0 15.0 15.0 15.0 15.0 15.0 15.0 15.0 15.0 15.0 15.0 15.0 15.0 15.0 15.0 15.0 15.0 15.0 15.0 15.0 15.0 15.0 15.0 15.0 15.0 15.0 15.0 15.0 15.0 15.0 15.0 15.0 15.0 15.0 15.0 15.0 15.0 15.0 15.0 15.0 15.0 15.0 15.0 15.0 15.0 15.0 15.0 15.0 15.0 15.0 15.0 15.0 15.0 15.0 15.0
59 51
0
25
62 32
42 57
72 42
52 67
67 37
57 72
67 52
47 107
52 97
57 87
57 32
42 47
47 67
42 62
72 47
62 52
47 42
57 77
47 112
57 92
42 52
57 67
47 102
57 82
52 37
